Data,Otwarcie,Najwyzszy,Najnizszy,Zamkniecie,Wolumen
2000-01-03,27.49262,27.69782,26.6044,26.69743,316036
2000-01-04,26.49459,26.49459,25.19597,25.49362,430588
2000-01-05,24.80442,25.39852,24.80442,25.10353,325369
2000-01-06,24.9946,26.19842,24.80442,25.9944,351632
2000-01-07,26.49459,28.49536,26.49459,27.90037,845486
2000-01-10,28.10086,29.69947,28.10086,28.60429,1036130
2000-01-11,28.30694,28.49536,27.3987,27.69782,570683
2000-01-12,27.80704,27.99782,27.60214,27.90037,330855
2000-01-13,28.90164,31.49828,28.90164,30.49142,1360496
2000-01-14,30.4031,31.2922,30.4031,30.6975,1801482
2000-01-17,30.49142,30.79465,29.99682,30.6975,567307
2000-01-18,30.19701,30.79465,29.09889,29.89966,841533
2000-01-19,29.30497,29.49044,28.80448,29.30497,422353
2000-01-20,29.49044,30.90064,29.20193,30.29711,955301
2000-01-21,29.99682,30.90064,29.99682,30.90064,523086
2000-01-24,30.79465,30.79465,29.69947,29.99682,426863
2000-01-25,29.20193,29.30497,28.3982,29.20193,485430
2000-01-26,29.60526,30.29711,29.60526,29.89966,374932
2000-01-27,29.69947,30.19701,29.60526,30.19701,182504
2000-01-28,29.80251,30.19701,29.20193,29.69947,397963
2000-01-31,29.30497,29.30497,28.90164,29.20193,215349
2000-02-01,29.49044,30.29711,29.09889,29.60526,462098
2000-02-02,29.49044,29.69947,29.09889,29.60526,322352
2000-02-03,29.60526,31.00074,29.60526,30.29711,400333
2000-02-04,30.49142,30.90064,29.39918,30.19701,688076
2000-02-07,29.99682,29.99682,29.30497,29.69947,321616
2000-02-08,29.80251,30.19701,29.49044,30.19701,231611
2000-02-09,30.29711,31.60426,29.49044,29.99682,624645
2000-02-10,29.30497,29.89966,29.30497,29.89966,496950
2000-02-11,29.99682,29.99682,29.49044,29.69947,393999
2000-02-14,29.49044,29.49044,28.99879,29.39918,337725
2000-02-15,29.80251,29.80251,29.39918,29.80251,186335
2000-02-16,29.99682,29.99682,29.39918,29.80251,304629
2000-02-17,30.19701,31.10378,29.80251,29.99682,503450
2000-02-18,30.1028,31.00074,30.1028,30.60329,717109
2000-02-21,28.99879,29.49044,28.99879,29.20193,291358
2000-02-22,29.80251,29.80251,29.09889,29.39918,241346
2000-02-23,29.99682,32.99385,29.99682,31.40407,1296545
2000-02-24,31.99582,34.49825,31.69847,33.10572,1698865
2000-02-25,35.20188,35.20188,33.19993,33.40013,1481664
2000-02-28,32.90553,33.60621,31.79268,33.19993,774528
2000-02-29,33.50022,33.50022,32.49925,32.7966,632164
2000-03-01,32.7966,33.19993,32.39915,33.10572,854133
2000-03-02,32.60524,32.99385,32.2019,32.49925,410693
2000-03-03,32.60524,32.99385,32.60524,32.90553,371983
2000-03-06,33.10572,33.10572,32.10475,32.2019,312076
2000-03-07,31.79268,31.79268,31.00074,31.19504,204366
2000-03-08,30.49142,31.19504,30.49142,30.79465,539054
2000-03-09,31.00074,31.00074,29.49044,29.49044,319970
2000-03-10,29.80251,30.29711,29.49044,29.80251,556530
2000-03-13,28.49536,28.80448,26.6044,27.20027,319426
2000-03-14,27.90037,32.69945,27.60214,31.90161,1333709
2000-03-15,30.60329,32.7966,30.60329,31.40407,1056247
2000-03-16,32.99385,32.99385,31.49828,31.90161,649227
2000-03-17,32.7966,32.7966,31.19504,31.19504,383731
2000-03-20,31.10378,31.69847,31.10378,31.40407,361707
2000-03-21,31.19504,31.19504,30.4031,30.49142,127741
2000-03-22,31.79268,31.79268,30.49142,31.00074,190840
2000-03-23,31.00074,31.49828,30.79465,31.00074,235540
2000-03-24,31.49828,31.79268,30.6975,31.69847,271826
2000-03-27,32.49925,32.49925,32.2019,32.29611,402090
2000-03-28,32.29611,32.69945,32.29611,32.49925,305444
2000-03-29,32.49925,33.10572,32.39915,32.69945,364386
2000-03-30,32.2019,32.2019,30.4031,30.49142,252064
2000-03-31,30.1028,31.2922,30.1028,31.2922,365500
2000-04-03,31.49828,31.49828,30.19701,30.4031,155622
2000-04-04,29.99682,30.60329,29.30497,30.19701,167912
2000-04-05,30.19701,30.19701,28.99879,29.30497,177158
2000-04-06,29.99682,30.60329,29.99682,30.49142,85162
2000-04-07,30.49142,30.49142,29.80251,30.1028,217336
2000-04-10,29.99682,29.99682,29.39918,29.49044,169541
2000-04-11,28.99879,28.99879,28.30694,28.49536,134321
2000-04-12,29.30497,29.69947,29.20193,29.30497,207584
2000-04-13,28.49536,28.6985,28.30694,28.6985,195075
2000-04-14,28.90164,29.09889,28.19801,28.3982,261881
2000-04-17,26.10244,26.40156,24.69696,25.8993,487692
2000-04-18,27.49262,27.49262,25.9944,26.80725,340389
2000-04-19,27.104,27.104,25.8993,25.9944,302795
2000-04-20,26.30558,26.6044,26.30558,26.49459,165185
2000-04-25,27.30803,27.49262,26.99655,27.3987,145359
2000-04-26,28.19801,28.90164,28.19801,28.49536,174801
2000-04-27,28.80448,29.30497,27.80704,28.49536,203555
2000-04-28,29.39918,29.99682,29.20193,29.99682,151859
2000-05-04,29.99682,30.4031,29.49044,30.1028,341090
2000-05-05,29.99682,30.29711,29.20193,29.80251,120706
2000-05-08,29.99682,29.99682,29.20193,29.49044,261457
2000-05-09,29.99682,30.1028,29.69947,29.89966,127721
2000-05-10,30.60329,31.79268,30.60329,31.79268,183736
2000-05-11,30.79465,31.99582,30.79465,31.90161,214524
2000-05-12,31.69847,32.10475,30.49142,31.69847,189971
2000-05-15,31.60426,31.60426,30.79465,31.40407,96672
2000-05-16,31.79268,33.29414,31.00074,32.99385,229167
2000-05-17,32.49925,32.49925,31.99582,32.49925,314825
2000-05-18,32.2019,32.39915,32.10475,32.2019,228501
2000-05-19,32.2019,32.69945,31.79268,32.69945,340334
2000-05-22,32.69945,32.69945,31.99582,32.29611,134690
2000-05-23,32.10475,32.10475,31.19504,31.40407,266054
2000-05-24,29.99682,30.6975,29.99682,30.60329,285253
2000-05-25,30.6975,31.2922,30.60329,31.2922,248999
2000-05-26,30.79465,31.2922,30.79465,31.10378,173782
2000-05-29,31.00074,31.99582,31.00074,31.60426,148381
2000-05-30,31.49828,31.60426,30.79465,31.2922,294141
2000-05-31,31.99582,31.99582,31.2922,31.2922,331292
2000-06-01,31.99582,31.99582,31.60426,31.79268,284159
2000-06-02,31.99582,31.99582,31.2922,31.79268,200867
2000-06-05,31.99582,31.99582,31.40407,31.60426,180644
2000-06-06,31.49828,31.79268,30.79465,31.49828,105326
2000-06-07,31.49828,32.29611,31.2922,32.29611,125860
2000-06-08,31.90161,32.29611,31.49828,31.99582,70069
2000-06-09,31.69847,31.90161,31.40407,31.69847,46279
2000-06-12,31.49828,31.49828,31.10378,31.40407,30927
2000-06-13,31.10378,31.49828,31.00074,31.40407,73430
2000-06-14,31.2922,31.60426,30.79465,30.79465,72569
2000-06-15,31.00074,31.60426,30.90064,31.00074,94115
2000-06-16,31.10378,31.2922,30.90064,31.00074,68988
2000-06-19,30.79465,30.90064,30.60329,30.90064,105661
2000-06-20,31.10378,31.49828,30.90064,31.49828,134647
2000-06-21,31.60426,32.10475,31.49828,32.10475,78174
2000-06-23,31.99582,32.10475,31.60426,31.90161,71936
2000-06-26,31.69847,32.90553,31.69847,32.69945,159697
2000-06-27,32.69945,33.50022,32.69945,32.7966,237717
2000-06-28,32.7966,32.90553,32.60524,32.60524,142802
2000-06-29,32.7966,32.7966,32.10475,32.10475,187365
2000-06-30,32.60524,32.60524,31.99582,32.10475,118613
2000-07-03,32.2019,32.60524,32.2019,32.29611,107293
2000-07-04,32.29611,32.39915,31.99582,32.39915,70657
2000-07-05,32.39915,32.49925,32.2019,32.2019,127827
2000-07-06,31.99582,32.29611,31.49828,32.29611,191975
2000-07-07,31.60426,31.60426,31.00074,31.19504,119269
2000-07-10,31.69847,31.79268,31.19504,31.19504,47864
2000-07-11,31.00074,31.00074,30.49142,30.90064,121248
2000-07-12,30.60329,31.00074,30.49142,30.60329,178219
2000-07-13,30.60329,30.60329,30.1028,30.19701,448960
2000-07-14,30.60329,30.60329,30.1028,30.4031,408746
2000-07-17,30.60329,30.6975,30.19701,30.29711,358447
2000-07-18,30.60329,31.2922,30.60329,30.6975,740096
2000-07-19,31.10378,31.69847,31.10378,31.19504,134358
2000-07-20,31.60426,31.60426,30.90064,31.00074,372998
2000-07-21,31.99582,31.99582,31.69847,31.90161,652213
2000-07-24,31.79268,31.79268,31.40407,31.40407,266253
2000-07-25,31.40407,31.40407,30.6975,31.19504,342582
2000-07-26,31.40407,31.40407,30.6975,30.79465,213312
2000-07-27,30.79465,31.10378,29.89966,30.19701,185452
2000-07-28,30.19701,30.19701,28.99879,29.60526,297442
2000-07-31,29.49044,29.49044,28.80448,28.80448,203699
2000-08-01,28.99879,28.99879,28.19801,28.49536,239680
2000-08-02,28.80448,29.39918,28.80448,29.20193,238729
2000-08-03,29.20193,29.20193,28.80448,28.99879,109232
2000-08-04,29.09889,29.60526,29.09889,29.39918,104455
2000-08-07,29.49044,29.49044,29.09889,29.39918,71687
2000-08-08,29.49044,29.89966,29.49044,29.89966,184323
2000-08-09,30.29711,30.90064,30.29711,30.49142,54584
2000-08-10,30.49142,30.60329,30.29711,30.29711,140301
2000-08-11,30.29711,30.29711,29.80251,29.80251,54035
2000-08-14,29.80251,30.1028,29.49044,29.99682,26787
2000-08-16,30.19701,30.6975,29.69947,30.49142,65899
2000-08-17,30.1028,30.1028,29.49044,29.69947,98578
2000-08-18,29.89966,29.89966,28.99879,29.80251,117669
2000-08-21,29.20193,29.69947,29.20193,29.60526,104795
2000-08-22,29.49044,30.1028,29.09889,29.99682,223492
2000-08-23,30.6975,31.19504,30.29711,30.6975,373688
2000-08-24,30.49142,30.60329,30.1028,30.29711,104860
2000-08-25,30.49142,30.90064,29.99682,30.49142,81889
2000-08-28,30.60329,30.60329,29.89966,30.1028,39556
2000-08-29,30.6975,30.6975,30.1028,30.6975,102857
2000-08-30,30.90064,31.69847,30.90064,31.2922,250260
2000-08-31,31.60426,31.60426,31.2922,31.40407,206458
2000-09-01,31.40407,31.40407,31.00074,31.40407,154946
2000-09-04,31.40407,31.40407,30.79465,30.79465,76153
2000-09-05,30.60329,30.60329,30.1028,30.19701,95546
2000-09-06,30.19701,30.19701,29.69947,30.1028,97803
2000-09-07,29.99682,30.1028,29.80251,29.89966,112179
2000-09-08,29.99682,29.99682,29.30497,29.30497,262383
2000-09-11,29.49044,29.49044,29.09889,29.20193,43980
2000-09-12,29.49044,30.60329,29.49044,30.49142,148914
2000-09-13,31.00074,31.69847,31.00074,31.69847,399258
2000-09-14,31.90161,32.69945,31.49828,32.60524,541239
2000-09-15,31.49828,31.79268,31.2922,31.69847,264067
2000-09-18,31.00074,31.40407,30.79465,30.90064,118587
2000-09-19,30.90064,31.2922,30.4031,30.60329,199521
2000-09-20,30.6975,30.6975,30.29711,30.29711,132897
2000-09-21,30.19701,30.19701,29.49044,29.60526,125671
2000-09-22,29.09889,29.60526,28.30694,28.90164,198115
2000-09-25,30.1028,30.1028,29.69947,29.80251,174000
2000-09-26,29.60526,29.60526,28.80448,29.09889,184946
2000-09-27,29.09889,29.39918,28.99879,29.30497,172919
2000-09-28,28.99879,28.99879,27.99782,28.60429,165714
2000-09-29,29.20193,29.30497,28.6985,28.6985,77046
2000-10-02,28.6985,28.90164,28.30694,28.30694,222431
2000-10-03,28.10086,28.10086,26.99655,27.49262,346734
2000-10-04,27.3987,27.3987,26.80725,26.90116,315756
2000-10-05,27.20027,27.49262,26.69743,26.90116,190836
2000-10-06,26.80725,26.80725,26.40156,26.40156,363256
2000-10-09,25.8048,25.8048,24.30511,24.60245,228289
2000-10-10,24.80442,24.80442,23.19638,23.60178,258609
2000-10-11,22.80394,22.99413,22.19629,22.80394,534691
2000-10-12,23.30472,24.10197,23.30472,23.69716,425171
2000-10-13,23.49373,23.80491,23.10188,23.30472,322102
2000-10-16,24.49441,25.10353,24.10197,24.69696,156716
2000-10-17,24.69696,25.69675,24.49441,25.39852,164808
2000-10-18,24.8998,25.19597,23.99422,24.19677,224084
2000-10-19,25.19597,25.60196,24.9946,25.19597,189211
2000-10-20,25.8048,26.10244,25.39852,26.10244,344458
2000-10-23,26.49459,26.69743,26.40156,26.49459,255423
2000-10-24,26.40156,26.40156,25.69675,25.8048,233598
2000-10-25,25.49362,25.49362,24.80442,24.8998,179705
2000-10-26,25.30343,25.69675,24.9946,24.9946,209222
2000-10-27,25.30343,25.30343,24.49441,24.9946,69807
2000-10-30,25.10353,25.10353,24.49441,24.60245,55081
2000-10-31,24.80442,25.49362,24.80442,25.19597,269614
2000-11-02,26.30558,26.49459,25.8048,26.40156,472241
2000-11-03,26.80725,26.80725,26.30558,26.49459,257969
2000-11-06,26.6044,27.104,25.9944,26.99655,315283
2000-11-07,27.49262,27.49262,26.80725,26.99655,394195
2000-11-08,27.20027,27.20027,26.80725,26.90116,119512
2000-11-09,26.69743,26.69743,25.9944,26.19842,159277
2000-11-10,26.40156,26.40156,25.8048,26.10244,105740
2000-11-13,25.60196,25.60196,25.10353,25.49362,113523
2000-11-14,25.9944,25.9944,25.49362,25.9944,229901
2000-11-15,26.10244,26.30558,25.49362,25.9944,229087
2000-11-16,26.10244,26.80725,25.69675,26.69743,118386
2000-11-17,26.30558,26.69743,25.60196,25.9944,233556
2000-11-20,26.10244,26.80725,26.10244,26.40156,196755
2000-11-21,26.49459,26.69743,26.30558,26.6044,147888
2000-11-22,26.10244,26.40156,25.9944,26.19842,158346
2000-11-23,26.10244,26.19842,25.8993,25.8993,92904
2000-11-24,25.8993,26.80725,25.8993,26.40156,47142
2000-11-27,27.49262,27.49262,26.69743,26.90116,147699
2000-11-28,26.90116,26.99655,26.19842,26.49459,144853
2000-11-29,26.10244,26.49459,25.8993,25.9944,187888
2000-11-30,25.9944,25.9944,25.10353,25.10353,374204
2000-12-01,25.30343,25.8993,25.19597,25.49362,246537
2000-12-04,25.19597,25.60196,24.80442,24.9946,188029
2000-12-05,25.60196,25.69675,25.30343,25.39852,88037
2000-12-06,25.8048,26.19842,24.8998,25.69675,330925
2000-12-07,25.30343,26.19842,25.30343,25.60196,312151
2000-12-08,25.60196,25.8993,24.8998,25.39852,617517
2000-12-11,25.60196,25.60196,24.80442,24.9946,385588
2000-12-12,24.9946,25.60196,24.69696,25.60196,568901
2000-12-13,25.39852,26.90116,25.30343,26.69743,952771
2000-12-14,26.49459,27.49262,25.9944,27.30803,1259175
2000-12-15,27.3987,28.10086,26.99655,27.30803,945135
2000-12-18,27.30803,27.60214,26.69743,26.90116,640043
2000-12-19,26.90116,27.3987,26.49459,27.104,497744
2000-12-20,26.80725,26.80725,25.8048,26.10244,317872
2000-12-21,25.30343,25.8048,24.8998,24.8998,657525
2000-12-22,25.49362,25.9944,25.30343,25.8993,276079
2000-12-27,26.30558,26.6044,25.9944,26.10244,184785
2000-12-28,26.40156,26.49459,25.8048,25.8993,330403
2000-12-29,25.60196,26.10244,25.60196,25.8048,136811
2001-01-02,25.19597,25.69675,24.9946,25.30343,82033
2001-01-03,25.19597,25.60196,23.99422,24.39961,422834
2001-01-04,24.9946,24.9946,23.99422,24.10197,387700
2001-01-05,23.80491,23.99422,22.39914,22.69619,1938194
2001-01-08,22.49364,22.69619,21.49325,21.99345,1445134
2001-01-09,22.19629,22.49364,21.0066,22.49364,1338734
2001-01-10,22.30463,22.39914,21.6958,21.89865,492565
2001-01-11,21.99345,22.49364,21.6958,22.39914,799497
2001-01-12,22.60198,22.80394,22.30463,22.60198,699378
2001-01-15,22.49364,22.89933,21.99345,22.19629,448718
2001-01-16,21.99345,22.60198,21.89865,22.30463,397738
2001-01-17,22.49364,22.89933,22.30463,22.60198,364252
2001-01-18,22.60198,23.60178,22.60198,23.19638,1320892
2001-01-19,23.99422,24.60245,23.80491,24.39961,1007243
2001-01-22,24.60245,24.60245,23.60178,23.80491,405369
2001-01-23,23.60178,24.30511,23.49373,24.30511,291741
2001-01-24,24.49441,24.60245,24.10197,24.10197,158298
2001-01-25,24.10197,24.19677,23.89942,24.10197,191566
2001-01-26,23.89942,24.69696,23.89942,24.69696,511990
2001-01-29,24.80442,25.60196,24.60245,25.49362,168282
2001-01-30,25.8048,25.9944,25.49362,25.49362,329111
2001-01-31,25.39852,25.39852,24.80442,24.9946,242048
2001-02-01,24.80442,24.8998,24.39961,24.60245,323855
2001-02-02,24.69696,24.9946,24.60245,24.9946,130227
2001-02-05,24.8998,24.9946,24.19677,24.60245,808778
2001-02-06,24.9946,24.9946,24.19677,24.80442,432067
2001-02-07,24.8998,24.8998,24.10197,24.19677,341161
2001-02-08,24.10197,24.49441,24.10197,24.19677,267348
2001-02-09,24.30511,24.49441,24.19677,24.19677,113865
2001-02-12,23.69716,23.99422,23.60178,23.89942,155447
2001-02-13,23.89942,24.49441,23.89942,24.30511,187785
2001-02-14,23.99422,24.39961,23.99422,24.39961,123922
2001-02-15,24.49441,24.69696,24.19677,24.60245,373115
2001-02-16,24.49441,24.8998,23.99422,24.19677,255651
2001-02-19,23.99422,24.30511,23.89942,24.10197,186782
2001-02-20,24.19677,24.8998,23.99422,23.99422,230327
2001-02-21,23.99422,23.99422,23.30472,23.99422,326343
2001-02-22,23.10188,23.80491,22.60198,22.99413,403291
2001-02-23,23.10188,23.69716,22.99413,22.99413,210455
2001-02-26,23.60178,23.69716,23.30472,23.49373,118650
2001-02-27,23.19638,23.60178,22.80394,22.99413,192698
2001-02-28,22.39914,23.19638,22.39914,23.10188,242048
2001-03-01,22.89933,22.89933,21.99345,21.99345,259413
2001-03-02,21.80444,22.30463,21.80444,21.99345,330812
2001-03-05,22.10179,22.39914,21.80444,22.30463,127234
2001-03-06,22.39914,22.80394,22.39914,22.49364,173537
2001-03-07,22.10179,22.49364,21.89865,22.30463,254558
2001-03-08,22.39914,22.39914,22.10179,22.10179,120091
2001-03-09,22.10179,22.10179,20.39837,20.39837,209789
2001-03-12,19.8443,19.89847,18.45177,18.65432,750166
2001-03-13,18.39789,19.34411,18.39789,19.1548,452653
2001-03-14,19.39828,19.50603,18.60044,18.95225,548696
2001-03-15,19.10093,19.60053,19.10093,19.39828,282452
2001-03-16,19.39828,20.10102,19.34411,20.10102,211222
2001-03-19,20.10102,21.0066,20.10102,20.80376,108547
2001-03-20,21.10111,21.10111,20.69601,20.80376,136942
2001-03-21,20.60062,20.80376,19.89847,20.19552,360865
2001-03-22,20.00681,20.30386,19.39828,19.39828,239397
2001-03-23,20.10102,20.10102,19.50603,19.74921,154894
2001-03-26,20.19552,20.69601,19.89847,20.50641,274195
2001-03-27,20.50641,20.89826,20.10102,20.69601,136895
2001-03-28,21.0066,21.10111,20.69601,20.89826,195799
2001-03-29,20.19552,20.80376,20.19552,20.60062,158169
2001-03-30,20.50641,20.69601,20.50641,20.69601,79382
2001-04-02,20.39837,20.69601,20.10102,20.39837,291922
2001-04-03,20.10102,20.30386,19.69533,19.74921,135795
2001-04-04,19.39828,19.74921,19.30348,19.69533,97234
2001-04-05,19.8443,19.89847,19.39828,19.45186,179352
2001-04-06,19.50603,19.50603,19.04646,19.34411,271789
2001-04-09,19.24931,19.45186,19.1548,19.30348,111324
2001-04-10,19.30348,19.95234,19.24931,19.39828,244050
2001-04-11,19.34411,19.54695,19.30348,19.34411,348824
2001-04-12,19.39828,19.39828,19.1548,19.19514,152192
2001-04-17,18.74941,19.00584,18.60044,18.74941,67747
2001-04-18,19.00584,19.45186,18.95225,19.39828,362037
2001-04-19,20.00681,20.50641,19.89847,20.30386,844445
2001-04-20,20.10102,21.0066,19.89847,20.69601,1080047
2001-04-23,20.00681,20.50641,19.95234,20.10102,485737
2001-04-24,20.19552,20.30386,19.69533,19.89847,400113
2001-04-25,19.80338,20.00681,19.6547,19.95234,309198
2001-04-26,20.10102,20.19552,19.95234,19.95234,205004
2001-04-27,20.00681,20.39837,19.8443,20.30386,356651
2001-04-30,20.39837,20.69601,20.19552,20.19552,165674
2001-05-02,20.30386,20.89826,20.30386,20.60062,273038
2001-05-04,20.50641,20.89826,20.50641,20.80376,466186
2001-05-07,20.80376,21.49325,20.69601,21.0066,229828
2001-05-08,21.0066,21.0066,20.50641,20.50641,122028
2001-05-09,20.30386,20.50641,20.10102,20.50641,149268
2001-05-10,20.39837,21.30395,20.39837,21.10111,391058
2001-05-11,21.0066,21.89865,21.0066,21.60159,696202
2001-05-14,21.39846,22.39914,21.39846,22.39914,273675
2001-05-15,22.19629,22.39914,21.6958,21.6958,212042
2001-05-16,21.30395,21.60159,21.10111,21.39846,192584
2001-05-17,22.19629,22.19629,21.49325,21.60159,369987
2001-05-18,21.30395,21.80444,21.30395,21.60159,204126
2001-05-21,21.60159,22.80394,21.60159,22.80394,391766
2001-05-22,22.89933,23.30472,22.89933,22.99413,277619
2001-05-23,22.80394,23.10188,22.69619,22.80394,356496
2001-05-24,22.69619,22.69619,21.89865,22.49364,318875
2001-05-25,22.39914,22.49364,22.30463,22.49364,126730
2001-05-28,22.19629,22.99413,22.19629,22.99413,132891
2001-05-29,23.19638,23.30472,22.89933,23.30472,236324
2001-05-30,22.99413,22.99413,22.39914,22.39914,244224
2001-05-31,21.99345,22.80394,21.99345,22.69619,304353
2001-06-01,22.69619,22.69619,22.19629,22.30463,270222
2001-06-04,22.19629,22.30463,21.39846,21.49325,93925
2001-06-05,21.30395,21.99345,21.30395,21.99345,241736
2001-06-06,21.89865,21.89865,20.69601,20.80376,446744
2001-06-07,20.39837,20.50641,19.80338,19.95234,392163
2001-06-08,20.00681,20.50641,19.54695,19.6547,206633
2001-06-11,19.30348,19.6547,19.1548,19.39828,240111
2001-06-12,19.30348,19.80338,18.89779,19.10093,465963
2001-06-13,19.74921,19.74921,18.95225,19.19514,275284
2001-06-15,18.89779,18.95225,18.19534,18.34343,452367
2001-06-18,18.3025,18.54627,18.10025,18.39789,506662
2001-06-19,18.50564,18.50564,17.54618,18.00604,336673
2001-06-20,17.50555,17.8032,17.24913,17.30271,246872
2001-06-21,17.30271,17.89711,17.30271,17.89711,158074
2001-06-22,18.00604,18.15442,17.69485,17.8032,87580
2001-06-25,17.60035,18.04637,17.60035,17.95157,261312
2001-06-26,18.00604,18.00604,17.35688,17.35688,172903
2001-06-27,17.69485,17.69485,17.10016,17.10016,184327
2001-06-28,17.00565,17.19437,16.69418,17.00565,78022
2001-06-29,17.24913,17.39721,16.69418,16.74864,79797
2001-07-02,16.59967,16.85669,16.30232,16.50546,72254
2001-07-03,16.50546,16.59967,16.24845,16.35679,147434
2001-07-04,16.39742,16.74864,16.35679,16.50546,378153
2001-07-05,16.5458,17.15403,16.50546,17.04599,230584
2001-07-06,17.10016,18.19534,17.10016,18.19534,637014
2001-07-09,18.3025,18.45177,17.19437,18.24892,548765
2001-07-10,18.15442,18.15442,17.54618,17.65452,262098
2001-07-11,17.50555,18.10025,17.00565,17.74873,336128
2001-07-12,18.19534,18.50564,18.04637,18.39789,336218
2001-07-13,18.50564,18.50564,18.10025,18.19534,467626
2001-07-16,17.74873,17.84323,17.54618,17.74873,184774
2001-07-17,17.65452,17.65452,17.35688,17.39721,228646
2001-07-18,17.50555,17.69485,17.24913,17.69485,184030
2001-07-19,17.69485,17.69485,17.15403,17.19437,291157
2001-07-20,17.24913,17.24913,15.95081,16.09977,224768
2001-07-23,15.89693,16.24845,15.80243,15.85689,126876
2001-07-24,16.15365,16.15365,15.80243,15.89693,89092
2001-07-25,16.24845,16.24845,15.89693,15.95081,100550
2001-07-26,16.09977,16.65384,16.09977,16.50546,79888
2001-07-27,16.5458,17.30271,16.5458,17.15403,65070
2001-07-30,17.30271,17.30271,16.85669,17.19437,145095
2001-07-31,17.04599,17.04599,16.89731,16.89731,105686
2001-08-01,16.80281,16.95148,16.45129,16.5458,151179
2001-08-02,16.80281,16.85669,16.59967,16.65384,140088
2001-08-03,16.5458,16.89731,16.39742,16.45129,80538
2001-08-06,16.50546,16.69418,16.30232,16.35679,204566
2001-08-07,16.19428,16.30232,16.15365,16.24845,66709
2001-08-08,16.09977,16.30232,16.04531,16.04531,48603
2001-08-09,16.04531,16.04531,15.00489,15.30194,155095
2001-08-10,15.39644,15.50508,14.5989,14.74787,142299
2001-08-13,14.80175,14.80175,13.54464,13.5994,229297
2001-08-14,13.5994,13.80225,13.54464,13.65298,183870
2001-08-16,13.5994,13.69361,12.7474,12.95054,350884
2001-08-17,12.39588,13.15279,12.39588,13.15279,259797
2001-08-20,13.39626,14.00391,13.35563,13.65298,322689
2001-08-21,13.85553,14.04483,13.69361,14.00391,294593
2001-08-22,14.00391,14.50499,14.00391,14.30185,185982
2001-08-23,14.39635,14.5989,14.15318,14.50499,301584
2001-08-24,14.54473,15.15327,14.35602,15.15327,252311
2001-08-27,15.89693,15.89693,14.6937,15.00489,164890
2001-08-28,14.6937,15.00489,14.6937,14.85592,135344
2001-08-29,14.85592,14.89655,14.50499,14.5989,104114
2001-08-30,14.65337,15.04551,14.65337,14.95101,147281
2001-08-31,15.00489,15.65346,15.00489,15.59988,196270
2001-09-03,15.39644,16.39742,15.39644,15.85689,297858
2001-09-04,15.95081,16.00439,14.85592,15.04551,152742
2001-09-05,15.00489,15.45061,14.89655,15.24777,212342
2001-09-06,15.30194,15.74826,15.30194,15.65346,356325
2001-09-07,15.54571,15.54571,14.85592,14.95101,235535
2001-09-10,14.85592,14.89655,14.50499,14.65337,166561
2001-09-11,14.85592,14.85592,13.94974,14.00391,366926
2001-09-12,13.65298,14.24827,13.65298,14.15318,160952
2001-09-13,14.24827,14.30185,14.099,14.15318,90887
2001-09-14,14.35602,14.35602,13.24729,13.30117,123584
2001-09-17,12.7474,13.09891,12.59843,12.95054,441390
2001-09-18,13.04474,13.04474,12.54426,12.65289,271457
2001-09-19,12.85544,13.09891,12.69293,12.89607,184300
2001-09-20,12.7474,12.7474,12.15241,12.24691,271187
2001-09-21,11.85535,11.85535,10.44928,10.70629,682024
2001-09-24,11.20649,11.30099,9.94879,10.65183,488499
2001-09-25,10.74692,11.15232,10.35478,11.00335,259288
2001-09-26,11.04398,11.30099,10.94947,10.94947,671710
2001-09-27,10.85467,11.04398,10.44928,10.59795,905620
2001-09-28,10.70629,10.85467,10.24673,10.59795,390944
2001-10-01,10.44928,10.54378,9.85458,10.2061,389622
2001-10-02,10.24673,10.39511,9.94879,10.30031,505626
2001-10-03,10.35478,10.35478,9.94879,10.00296,538381
2001-10-04,10.39511,10.44928,10.30031,10.35478,555126
2001-10-05,10.2061,10.39511,10.2061,10.30031,225246
2001-10-08,10.15193,10.24673,10.00296,10.15193,348819
2001-10-09,10.35478,10.74692,10.35478,10.65183,605116
2001-10-10,10.65183,11.44937,10.54378,11.30099,1841605
2001-10-11,11.65221,11.89539,10.74692,11.09785,2631377
2001-10-12,10.8953,10.8953,10.44928,10.70629,1199612
2001-10-15,10.39511,10.39511,9.94879,10.2061,952293
2001-10-16,10.50345,10.85467,10.39511,10.65183,1141613
2001-10-17,11.24653,11.30099,10.70629,11.00335,1745790
2001-10-18,10.74692,11.09785,10.59795,11.00335,490054
2001-10-19,11.00335,11.20649,10.8953,10.94947,873707
2001-10-22,11.09785,11.59834,11.09785,11.44937,1018618
2001-10-23,11.65221,11.74672,11.24653,11.30099,684446
2001-10-24,11.24653,11.59834,11.24653,11.59834,494886
2001-10-25,11.74672,12.00344,11.35487,11.35487,868383
2001-10-26,11.65221,12.95054,11.65221,12.50392,1922755
2001-10-29,12.69293,12.85544,12.09824,12.59843,2570925
2001-10-30,12.24691,12.69293,11.74672,11.74672,1603414
2001-10-31,12.00344,12.00344,11.44937,11.70638,828951
2001-11-02,12.09824,12.20628,11.80118,12.00344,882132
2001-11-05,12.09824,12.09824,11.80118,11.94986,281880
2001-11-06,12.09824,12.15241,11.89539,11.94986,283785
2001-11-07,11.89539,12.39588,11.74672,12.20628,333921
2001-11-08,12.30137,12.80127,12.04436,12.80127,572574
2001-11-09,12.80127,13.50401,12.7474,13.20726,1283128
2001-11-12,13.44984,13.69361,13.20726,13.39626,1129356
2001-11-13,13.80225,14.5989,13.74749,14.5989,927799
2001-11-14,15.04551,15.35582,14.85592,15.09939,1461824
2001-11-15,15.35582,15.35582,14.74787,14.80175,1247722
2001-11-16,14.80175,15.00489,14.54473,14.65337,615820
2001-11-19,14.80175,15.09939,14.54473,14.80175,593175
2001-11-20,14.89655,15.04551,14.65337,14.89655,599119
2001-11-21,14.80175,14.85592,14.30185,14.30185,762191
2001-11-22,14.15318,14.50499,13.50401,14.50499,847798
2001-11-23,14.5989,14.5989,14.1941,14.39635,324339
2001-11-26,14.50499,14.54473,14.30185,14.45082,268623
2001-11-27,14.50499,15.19419,14.50499,14.80175,693618
2001-11-28,15.00489,15.00489,14.50499,14.6937,366650
2001-11-29,14.65337,14.85592,14.45082,14.45082,214532
2001-11-30,14.54473,14.74787,14.00391,14.04483,406769
2001-12-03,13.94974,14.45082,13.80225,14.39635,249864
2001-12-04,14.35602,14.5989,14.35602,14.5989,196623
2001-12-05,14.74787,14.89655,14.50499,14.80175,555061
2001-12-06,15.09939,15.24777,14.74787,14.80175,517089
2001-12-07,14.74787,15.00489,14.54473,14.80175,242751
2001-12-10,14.65337,14.74787,14.45082,14.50499,303729
2001-12-11,14.35602,14.50499,14.099,14.45082,487752
2001-12-12,14.50499,14.50499,14.35602,14.50499,121676
2001-12-13,14.35602,14.35602,13.54464,13.54464,650185
2001-12-14,13.24729,13.5994,13.09891,13.50401,265473
2001-12-17,13.44984,13.85553,13.44984,13.65298,186179
2001-12-18,13.5994,14.099,13.20726,14.04483,802186
2001-12-19,14.099,14.099,13.74749,13.89645,338670
2001-12-20,13.69361,13.69361,13.24729,13.24729,369265
2001-12-21,12.95054,12.95054,12.59843,12.69293,897438
2001-12-27,12.89607,12.89607,12.59843,12.69293,87272
2001-12-28,12.85544,12.89607,12.69293,12.89607,273798
2001-12-31,13.04474,13.15279,12.95054,13.00441,144775
2002-01-02,13.04474,13.20726,12.85544,13.15279,251271
2002-01-03,13.24729,14.30185,13.24729,14.30185,948189
2002-01-04,14.54473,14.95101,14.45082,14.50499,1389756
2002-01-07,14.50499,14.95101,14.35602,14.5989,322405
2002-01-08,14.5989,14.80175,14.15318,14.50499,330737
2002-01-09,14.45082,16.00439,14.45082,15.89693,1045092
2002-01-10,15.80243,17.19437,15.19419,15.24777,1481028
2002-01-11,15.74826,16.39742,15.19419,16.09977,1012784
2002-01-14,15.69409,15.95081,15.50508,15.69409,356942
2002-01-15,15.45061,16.09977,15.45061,15.85689,578228
2002-01-16,15.89693,16.09977,15.80243,16.00439,736410
2002-01-17,16.30232,16.74864,16.19428,16.69418,555782
2002-01-18,16.74864,16.89731,16.50546,16.80281,560132
2002-01-21,16.80281,16.89731,16.45129,16.80281,139169
2002-01-22,16.80281,17.39721,16.59967,17.39721,832203
2002-01-23,17.45138,17.45138,16.89731,17.00565,365570
2002-01-24,17.04599,17.24913,16.85669,16.89731,206418
2002-01-25,16.89731,17.19437,16.35679,16.5458,340617
2002-01-28,16.85669,16.85669,16.15365,16.15365,486073
2002-01-29,16.00439,16.24845,16.00439,16.19428,395627
2002-01-30,15.95081,16.15365,15.65346,15.95081,277257
2002-01-31,16.15365,16.24845,15.89693,16.19428,219616
2002-02-01,16.59967,16.89731,16.39742,16.50546,447373
2002-02-04,16.09977,16.74864,16.09977,16.74864,256795
2002-02-05,16.39742,16.69418,16.30232,16.30232,316281
2002-02-06,16.35679,16.65384,16.15365,16.45129,422460
2002-02-07,16.19428,16.30232,15.69409,15.95081,283709
2002-02-08,15.69409,16.04531,15.54571,15.65346,387131
2002-02-11,15.95081,15.95081,15.39644,15.54571,133092
2002-02-12,15.59988,15.74826,15.19419,15.19419,103151
2002-02-13,15.09939,15.24777,14.89655,15.24777,253690
2002-02-14,15.39644,15.65346,15.19419,15.35582,357230
2002-02-15,15.24777,15.85689,15.24777,15.69409,486681
2002-02-18,15.69409,15.85689,15.59988,15.65346,136033
2002-02-19,15.54571,15.54571,15.30194,15.50508,275648
2002-02-20,15.39644,15.50508,15.19419,15.50508,195639
2002-02-21,15.65346,15.69409,15.15327,15.24777,292442
2002-02-22,15.15327,15.35582,15.04551,15.09939,302748
2002-02-25,15.04551,15.15327,14.95101,15.09939,514631
2002-02-26,15.39644,15.39644,15.15327,15.15327,831139
2002-02-27,15.24777,15.59988,15.19419,15.35582,727964
2002-02-28,15.39644,15.39644,14.95101,15.00489,398973
2002-03-01,14.85592,15.00489,14.74787,14.89655,171315
2002-03-04,15.19419,15.24777,15.15327,15.19419,496708
2002-03-05,15.24777,15.39644,14.74787,14.95101,582763
2002-03-06,14.89655,14.95101,14.1941,14.35602,509554
2002-03-07,14.35602,14.39635,13.50401,13.89645,1185569
2002-03-08,14.00391,14.15318,13.89645,13.89645,741902
2002-03-11,14.04483,14.15318,13.85553,14.04483,534800
2002-03-12,14.04483,14.1941,13.85553,13.94974,517959
2002-03-13,14.00391,14.15318,13.89645,14.15318,413692
2002-03-14,14.24827,14.35602,14.099,14.15318,179092
2002-03-15,14.099,14.1941,13.94974,14.04483,91485
2002-03-18,14.099,14.099,13.85553,14.00391,155319
2002-03-19,14.00391,14.15318,13.80225,14.04483,404559
2002-03-20,13.94974,14.45082,13.94974,14.45082,244309
2002-03-21,14.50499,14.54473,14.24827,14.35602,266516
2002-03-22,14.39635,14.74787,14.35602,14.65337,653134
2002-03-25,14.6937,14.6937,14.39635,14.50499,200692
2002-03-26,14.39635,14.45082,14.1941,14.39635,187856
2002-03-27,14.45082,14.80175,14.45082,14.65337,297188
2002-03-28,14.74787,14.89655,14.74787,14.74787,193431
2002-04-02,14.89655,14.95101,14.6937,14.6937,170415
2002-04-03,14.65337,14.80175,14.65337,14.74787,444642
2002-04-04,14.80175,14.85592,14.24827,14.24827,956044
2002-04-05,14.15318,14.35602,13.89645,14.35602,451596
2002-04-08,14.35602,14.35602,13.65298,13.80225,615305
2002-04-09,14.00391,14.099,13.85553,14.099,439683
2002-04-10,14.15318,14.30185,14.00391,14.1941,406531
2002-04-11,14.1941,14.1941,13.65298,13.80225,640536
2002-04-12,13.89645,13.89645,13.30117,13.39626,454870
2002-04-15,13.30117,13.50401,13.20726,13.39626,221934
2002-04-16,13.39626,13.5994,13.30117,13.50401,277233
2002-04-17,13.65298,13.65298,13.15279,13.15279,199012
2002-04-18,13.24729,13.30117,12.45034,12.69293,543117
2002-04-19,12.59843,12.65289,12.20628,12.35554,481369
2002-04-22,12.39588,12.7474,12.39588,12.65289,332410
2002-04-23,12.80127,12.89607,12.65289,12.69293,172374
2002-04-24,12.69293,12.80127,12.69293,12.69293,113990
2002-04-25,12.65289,13.20726,12.50392,13.20726,292652
2002-04-26,13.20726,13.74749,13.15279,13.54464,1443374
2002-04-29,13.65298,13.65298,13.20726,13.39626,129056
2002-04-30,13.50401,13.50401,12.95054,12.95054,156366
2002-05-02,12.85544,13.15279,12.7474,13.00441,172849
2002-05-06,13.00441,13.09891,12.85544,13.00441,114873
2002-05-07,13.00441,13.20726,12.85544,12.89607,343699
2002-05-08,13.00441,13.24729,12.89607,13.15279,411560
2002-05-09,13.24729,13.35563,13.09891,13.15279,489458
2002-05-10,13.20726,13.24729,13.04474,13.20726,163315
2002-05-13,12.95054,12.95054,12.59843,12.59843,261643
2002-05-14,11.80118,12.59843,11.59834,12.30137,496172
2002-05-15,12.30137,12.45034,12.20628,12.39588,100331
2002-05-16,12.35554,13.35563,12.35554,13.35563,414273
2002-05-17,13.94974,13.94974,13.5994,13.5994,1403715
2002-05-20,13.80225,13.80225,13.50401,13.50401,97716
2002-05-21,13.35563,14.099,13.35563,14.00391,367142
2002-05-22,13.89645,13.94974,13.80225,13.85553,272249
2002-05-23,13.65298,13.85553,13.65298,13.69361,137698
2002-05-24,13.89645,14.00391,13.69361,14.00391,189871
2002-05-27,13.85553,14.1941,13.80225,13.80225,126255
2002-05-28,13.85553,14.30185,13.85553,14.04483,461386
2002-05-29,14.15318,14.1941,14.099,14.1941,205038
2002-05-31,14.1941,14.30185,13.89645,14.15318,489673
2002-06-03,14.04483,14.30185,14.04483,14.1941,128797
2002-06-04,14.1941,14.24827,13.69361,13.74749,183883
2002-06-05,13.80225,14.099,13.74749,14.099,108887
2002-06-06,14.099,14.74787,14.099,14.50499,674857
2002-06-07,14.30185,14.5989,14.1941,14.50499,182979
2002-06-10,14.54473,14.5989,14.35602,14.45082,320044
2002-06-11,14.54473,14.6937,14.45082,14.54473,579571
2002-06-12,14.54473,14.85592,14.45082,14.80175,473048
2002-06-13,14.80175,15.19419,14.80175,15.04551,242905
2002-06-14,15.00489,15.09939,14.50499,14.50499,281414
2002-06-17,14.65337,14.6937,14.39635,14.50499,97931
2002-06-18,14.50499,14.80175,14.39635,14.39635,187451
2002-06-19,14.15318,14.39635,14.00391,14.04483,334348
2002-06-20,14.00391,14.099,13.89645,13.89645,196804
2002-06-21,13.74749,14.39635,13.69361,14.30185,281988
2002-06-24,14.30185,14.39635,13.89645,13.94974,146620
2002-06-25,14.00391,14.15318,13.80225,14.00391,236101
2002-06-26,13.54464,13.69361,13.35563,13.50401,589228
2002-06-27,13.5994,13.74749,13.5994,13.69361,364179
2002-06-28,13.69361,13.80225,13.20726,13.20726,283799
2002-07-01,13.09891,13.54464,13.09891,13.35563,128398
2002-07-02,13.20726,13.35563,12.89607,12.89607,505626
2002-07-03,12.59843,13.09891,12.50392,13.00441,388717
2002-07-04,13.39626,13.54464,13.09891,13.24729,184292
2002-07-05,13.44984,13.74749,13.30117,13.65298,402234
2002-07-08,13.85553,13.94974,13.65298,13.80225,179845
2002-07-09,14.04483,14.39635,14.00391,14.35602,176165
2002-07-10,14.39635,14.54473,13.85553,14.04483,251691
2002-07-11,13.89645,13.89645,13.65298,13.80225,294337
2002-07-12,14.00391,14.099,13.89645,13.89645,146139
2002-07-15,13.69361,13.89645,13.69361,13.80225,124402
2002-07-16,13.89645,14.15318,13.50401,13.74749,259573
2002-07-17,13.80225,14.00391,13.35563,13.5994,529552
2002-07-18,13.50401,13.50401,12.65289,12.7474,1159323
2002-07-19,12.50392,12.50392,11.70638,12.00344,951841
2002-07-22,11.80118,11.80118,11.09785,11.20649,1292566
2002-07-23,11.39549,11.50413,10.70629,11.50413,315212
2002-07-24,11.30099,11.54446,10.8953,11.30099,343300
2002-07-25,11.65221,11.89539,11.30099,11.35487,608892
2002-07-26,11.44937,11.70638,11.00335,11.70638,282878
2002-07-29,11.70638,11.85535,11.39549,11.59834,191510
2002-07-30,11.65221,11.65221,10.65183,11.00335,646044
2002-07-31,11.00335,11.59834,11.00335,11.20649,435581
2002-08-01,11.24653,11.44937,11.15232,11.15232,183612
2002-08-02,11.09785,11.30099,11.04398,11.24653,219124
2002-08-05,11.09785,11.20649,10.85467,10.94947,198253
2002-08-06,10.8953,11.00335,10.8005,10.94947,355871
2002-08-07,11.15232,11.15232,10.74692,10.74692,368439
2002-08-08,10.8953,11.00335,10.85467,10.8953,131963
2002-08-09,11.00335,11.39549,11.00335,11.15232,173106
2002-08-12,11.15232,11.30099,11.09785,11.24653,100388
2002-08-13,11.44937,11.44937,11.30099,11.44937,182715
2002-08-14,11.35487,11.35487,11.15232,11.20649,95568
2002-08-16,11.35487,11.39549,11.00335,11.00335,173304
2002-08-19,11.09785,11.20649,10.8953,10.8953,66705
2002-08-20,11.00335,11.04398,10.50345,10.50345,146396
2002-08-21,10.50345,10.85467,10.39511,10.74692,1085190
2002-08-22,11.09785,11.30099,10.8953,10.94947,1258552
2002-08-23,11.00335,11.15232,10.8953,10.94947,432816
2002-08-26,11.00335,11.15232,10.8005,10.94947,260567
2002-08-27,11.00335,11.70638,11.00335,11.39549,1070769
2002-08-28,11.30099,11.44937,10.85467,10.85467,971041
2002-08-29,10.8005,11.24653,10.70629,10.8005,703598
2002-08-30,10.94947,11.04398,10.85467,11.00335,214651
2002-09-02,11.04398,11.15232,10.94947,11.00335,164184
2002-09-03,10.8005,10.8005,10.54378,10.59795,496557
2002-09-04,10.59795,10.8953,10.44928,10.74692,529315
2002-09-05,10.85467,10.85467,10.50345,10.50345,172546
2002-09-06,10.65183,10.70629,10.44928,10.59795,250143
2002-09-09,10.65183,10.70629,10.59795,10.70629,143243
2002-09-10,10.8005,11.30099,10.8005,11.30099,595700
2002-09-11,11.39549,11.89539,11.24653,11.74672,672322
2002-09-12,11.54446,11.65221,11.30099,11.39549,387862
2002-09-13,11.15232,11.44937,11.09785,11.35487,170546
2002-09-16,11.30099,11.70638,11.30099,11.65221,222826
2002-09-17,11.94986,12.20628,11.59834,11.59834,1288372
2002-09-18,11.39549,11.54446,11.20649,11.35487,534313
2002-09-19,11.39549,11.59834,11.24653,11.35487,271397
2002-09-20,11.50413,11.80118,11.39549,11.74672,506495
2002-09-23,11.85535,11.85535,11.44937,11.50413,97978
2002-09-24,11.44937,11.44937,11.04398,11.15232,281238
2002-09-25,11.15232,11.74672,11.09785,11.59834,590934
2002-09-26,11.65221,11.65221,11.20649,11.44937,221589
2002-09-27,11.44937,11.59834,11.24653,11.54446,196072
2002-09-30,11.24653,11.50413,11.15232,11.24653,373662
2002-10-01,11.24653,11.39549,10.85467,10.8953,431025
2002-10-02,11.15232,11.20649,10.8005,10.8005,215018
2002-10-03,10.8953,10.8953,10.65183,10.8953,316366
2002-10-04,10.8953,11.15232,10.8005,10.85467,398260
2002-10-07,10.74692,10.74692,10.50345,10.54378,304102
2002-10-08,10.65183,10.74692,10.54378,10.59795,149737
2002-10-09,10.70629,10.8005,10.59795,10.65183,540783
2002-10-10,10.8005,10.8953,10.65183,10.85467,741642
2002-10-11,11.09785,11.30099,11.09785,11.15232,1322767
2002-10-14,11.15232,11.30099,11.04398,11.30099,387593
2002-10-15,11.50413,11.65221,11.44937,11.54446,629056
2002-10-16,11.50413,11.70638,11.15232,11.15232,457380
2002-10-17,11.24653,11.35487,11.09785,11.30099,309370
2002-10-18,11.39549,11.70638,11.35487,11.70638,991621
2002-10-21,11.59834,11.70638,11.39549,11.39549,367005
2002-10-22,11.50413,11.59834,11.35487,11.54446,258169
2002-10-23,11.59834,11.59834,11.30099,11.50413,439725
2002-10-24,11.50413,11.54446,11.39549,11.50413,330305
2002-10-25,11.50413,11.50413,11.35487,11.39549,296276
2002-10-28,11.54446,12.00344,11.50413,12.00344,742970
2002-10-29,11.94986,12.35554,11.89539,12.04436,913797
2002-10-30,12.04436,12.20628,11.89539,12.00344,709966
2002-10-31,12.04436,12.39588,12.04436,12.24691,666472
2002-11-04,12.50392,12.69293,12.39588,12.50392,306827
2002-11-05,12.50392,12.54426,12.09824,12.20628,354388
2002-11-06,12.24691,12.35554,12.04436,12.04436,397264
2002-11-07,12.09824,12.39588,12.09824,12.24691,653157
2002-11-08,12.24691,12.35554,12.20628,12.35554,346762
2002-11-12,12.30137,12.45034,12.20628,12.35554,212997
2002-11-13,12.24691,12.39588,12.09824,12.39588,273570
2002-11-14,12.39588,12.85544,12.39588,12.7474,1143135
2002-11-15,12.80127,12.95054,12.54426,12.54426,342114
2002-11-18,12.54426,12.69293,12.50392,12.50392,82756
2002-11-19,12.50392,12.69293,12.39588,12.65289,110031
2002-11-20,12.69293,12.7474,12.54426,12.65289,112510
2002-11-21,12.7474,13.35563,12.69293,13.30117,1052947
2002-11-22,13.5994,13.69361,13.39626,13.54464,809380
2002-11-25,13.5994,14.24827,13.39626,14.24827,907228
2002-11-26,14.15318,14.30185,13.80225,14.00391,565058
2002-11-27,13.85553,14.39635,13.80225,14.1941,535846
2002-11-28,14.35602,14.54473,14.30185,14.39635,426922
2002-11-29,14.50499,14.50499,14.04483,14.099,495839
2002-12-02,14.00391,14.65337,14.00391,14.39635,387170
2002-12-03,14.35602,14.5989,14.30185,14.50499,598740
2002-12-04,14.35602,14.54473,14.1941,14.1941,436031
2002-12-05,14.24827,14.39635,14.24827,14.24827,239033
2002-12-06,14.24827,14.30185,13.94974,14.099,328894
2002-12-09,14.04483,14.15318,13.85553,14.00391,211313
2002-12-10,13.89645,13.89645,13.35563,13.39626,742752
2002-12-11,13.50401,13.69361,13.09891,13.20726,191921
2002-12-12,13.39626,13.50401,13.35563,13.50401,397490
2002-12-13,13.44984,13.80225,13.35563,13.65298,237157
2002-12-16,13.65298,13.89645,13.54464,13.54464,533423
2002-12-17,13.85553,13.85553,13.65298,13.65298,605605
2002-12-18,13.5994,13.69361,13.04474,13.15279,673800
2002-12-19,13.15279,13.30117,12.85544,13.09891,705813
2002-12-20,13.00441,13.09891,12.89607,12.95054,532449
2002-12-23,13.04474,13.39626,13.04474,13.39626,212695
2002-12-27,13.39626,13.69361,13.39626,13.65298,283937
2002-12-30,13.65298,13.74749,13.50401,13.54464,37750
2002-12-31,13.5994,13.5994,13.50401,13.50401,92569
2003-01-02,13.54464,13.5994,13.30117,13.50401,116072
2003-01-03,13.94974,14.04483,13.65298,13.89645,1242862
2003-01-06,14.00391,14.04483,13.65298,13.89645,250919
2003-01-07,13.94974,14.04483,13.80225,14.00391,588852
2003-01-08,13.85553,14.04483,13.74749,13.80225,721766
2003-01-09,13.74749,13.85553,13.65298,13.85553,402842
2003-01-10,13.89645,14.30185,13.89645,14.099,1024424
2003-01-13,14.24827,14.45082,14.099,14.35602,737845
2003-01-14,14.30185,14.39635,14.099,14.15318,406427
2003-01-15,14.1941,14.45082,14.1941,14.30185,364300
2003-01-16,14.24827,14.24827,13.85553,14.1941,497939
2003-01-17,14.04483,14.099,13.89645,13.94974,154400
2003-01-20,14.00391,14.04483,13.89645,13.94974,109352
2003-01-21,14.099,14.1941,13.94974,14.04483,368014
2003-01-22,14.00391,14.04483,13.89645,14.00391,373651
2003-01-23,14.099,14.54473,14.04483,14.24827,814393
2003-01-24,14.24827,14.39635,13.85553,13.85553,491486
2003-01-27,13.5994,13.69361,13.30117,13.44984,400117
2003-01-28,13.30117,13.50401,13.20726,13.30117,335974
2003-01-29,13.04474,13.35563,12.95054,13.35563,390133
2003-01-30,13.39626,13.39626,13.24729,13.24729,77833
2003-01-31,13.15279,13.5994,13.15279,13.5994,180685
2003-02-03,13.5994,13.85553,13.54464,13.85553,388754
2003-02-04,13.69361,13.80225,13.35563,13.50401,337735
2003-02-05,13.30117,13.54464,13.30117,13.44984,112168
2003-02-06,13.30117,13.44984,12.85544,12.89607,476063
2003-02-07,12.80127,12.89607,12.54426,12.69293,324564
2003-02-10,12.69293,12.95054,12.69293,12.95054,810298
2003-02-11,13.00441,13.15279,12.85544,13.00441,245683
2003-02-12,12.95054,12.95054,12.7474,12.80127,57803
2003-02-13,12.7474,13.09891,12.69293,13.09891,533021
2003-02-14,13.04474,13.09891,12.95054,13.00441,187814
2003-02-17,13.35563,13.35563,13.20726,13.24729,333472
2003-02-18,13.20726,13.24729,13.09891,13.09891,294406
2003-02-19,13.04474,13.15279,12.54426,12.89607,558450
2003-02-20,12.95054,13.04474,12.80127,12.89607,257451
2003-02-21,12.95054,13.15279,12.85544,13.00441,174112
2003-02-24,12.95054,13.15279,12.89607,12.89607,144081
2003-02-25,12.85544,12.89607,12.30137,12.30137,442701
2003-02-26,12.39588,12.45034,12.09824,12.24691,191862
2003-02-27,12.35554,12.50392,12.30137,12.50392,95702
2003-02-28,12.35554,12.50392,12.35554,12.50392,53087
2003-03-03,12.45034,12.54426,12.39588,12.50392,77018
2003-03-04,12.35554,12.35554,11.94986,12.09824,284593
2003-03-05,11.89539,12.04436,11.50413,11.59834,481301
2003-03-06,11.59834,11.80118,11.35487,11.35487,359854
2003-03-07,11.44937,11.65221,11.35487,11.59834,278883
2003-03-10,11.80118,12.00344,11.65221,12.00344,324752
2003-03-11,11.94986,12.00344,11.59834,11.80118,513676
2003-03-12,11.80118,11.94986,11.65221,11.85535,283356
2003-03-13,11.89539,12.39588,11.89539,12.30137,626527
2003-03-14,12.50392,12.54426,12.35554,12.54426,373437
2003-03-17,12.39588,12.45034,12.15241,12.39588,461777
2003-03-18,12.59843,12.95054,12.59843,12.80127,657445
2003-03-19,12.69293,13.00441,12.69293,12.85544,242604
2003-03-20,12.89607,13.00441,12.65289,12.65289,79908
2003-03-21,12.89607,13.09891,12.80127,13.09891,344957
2003-03-24,13.04474,13.20726,12.95054,13.15279,143162
2003-03-25,13.00441,13.09891,12.85544,13.00441,880416
2003-03-26,13.09891,13.09891,12.69293,12.80127,110677
2003-03-27,12.80127,12.80127,12.39588,12.45034,195797
2003-03-28,12.45034,12.54426,12.20628,12.39588,482308
2003-03-31,12.20628,12.20628,11.94986,12.09824,279621
2003-04-01,12.20628,12.30137,12.09824,12.09824,469524
2003-04-02,12.35554,12.39588,12.20628,12.24691,246154
2003-04-03,12.39588,12.80127,12.35554,12.59843,608346
2003-04-04,12.59843,12.85544,12.54426,12.7474,1001511
2003-04-07,13.00441,13.20726,13.00441,13.09891,407808
2003-04-08,13.04474,13.15279,12.89607,12.95054,230593
2003-04-09,12.95054,12.95054,12.59843,12.80127,430215
2003-04-10,12.80127,12.80127,12.65289,12.65289,156534
2003-04-11,12.69293,12.80127,12.59843,12.69293,124224
2003-04-14,12.69293,12.69293,12.24691,12.35554,547711
2003-04-15,12.45034,12.54426,12.30137,12.39588,207524
2003-04-16,12.45034,12.54426,11.89539,11.89539,453287
2003-04-17,11.89539,12.00344,11.70638,11.89539,462661
2003-04-22,11.94986,12.09824,11.85535,12.00344,100228
2003-04-23,12.15241,12.20628,11.85535,12.00344,215361
2003-04-24,11.89539,11.94986,11.54446,11.54446,489718
2003-04-25,11.65221,11.70638,11.35487,11.39549,350099
2003-04-28,11.44937,11.74672,11.39549,11.59834,332517
2003-04-29,11.74672,11.80118,11.39549,11.59834,542396
2003-04-30,11.59834,11.70638,11.35487,11.54446,266947
2003-05-02,11.59834,11.80118,11.50413,11.80118,295169
2003-05-05,11.94986,12.15241,11.94986,12.04436,326439
2003-05-06,12.09824,12.35554,12.00344,12.24691,553797
2003-05-07,12.15241,12.20628,11.94986,12.00344,376389
2003-05-08,12.04436,12.30137,11.85535,12.00344,823606
2003-05-09,12.09824,12.59843,12.09824,12.50392,1005003
2003-05-12,12.54426,12.80127,12.45034,12.69293,398767
2003-05-13,12.59843,12.80127,12.54426,12.69293,284407
2003-05-14,12.69293,13.20726,12.69293,13.20726,1338678
2003-05-15,13.15279,13.24729,12.95054,13.24729,441307
2003-05-16,13.20726,13.35563,13.15279,13.20726,141061
2003-05-19,13.15279,13.30117,13.00441,13.30117,195286
2003-05-20,13.15279,13.39626,12.69293,12.69293,778341
2003-05-21,12.69293,13.04474,12.54426,13.00441,262877
2003-05-22,13.00441,13.30117,13.00441,13.20726,381406
2003-05-23,13.20726,13.39626,13.09891,13.24729,447348
2003-05-26,13.09891,13.24729,13.04474,13.04474,229647
2003-05-27,12.95054,13.00441,12.85544,12.85544,61906
2003-05-28,13.09891,13.39626,13.04474,13.39626,607104
2003-05-29,13.35563,13.5994,13.30117,13.50401,578054
2003-05-30,13.39626,13.69361,13.30117,13.5994,454963
2003-06-02,13.80225,13.80225,13.39626,13.44984,478726
2003-06-03,13.50401,13.54464,13.35563,13.54464,105127
2003-06-04,13.50401,13.89645,13.50401,13.85553,378846
2003-06-05,13.85553,13.94974,13.69361,13.69361,383866
2003-06-06,13.80225,14.00391,13.80225,13.89645,254463
2003-06-09,13.85553,13.89645,13.69361,13.89645,239455
2003-06-10,13.74749,13.85553,13.54464,13.54464,147988
2003-06-11,13.54464,13.5994,13.39626,13.54464,191242
2003-06-12,13.5994,14.04483,13.5994,13.89645,467361
2003-06-13,13.94974,14.099,13.85553,14.00391,89495
2003-06-16,13.89645,14.00391,13.80225,14.00391,549959
2003-06-17,14.00391,14.15318,14.00391,14.04483,186561
2003-06-18,14.099,14.80175,14.099,14.50499,1020219
2003-06-20,14.45082,14.65337,14.45082,14.45082,320383
2003-06-23,14.39635,14.65337,14.39635,14.50499,169618
2003-06-24,14.30185,14.45082,14.099,14.30185,511585
2003-06-25,14.39635,14.6937,14.39635,14.6937,536191
2003-06-26,14.65337,14.74787,14.54473,14.65337,235658
2003-06-27,14.65337,14.6937,14.35602,14.35602,92446
2003-06-30,14.35602,14.54473,14.30185,14.35602,243712
2003-07-01,14.24827,14.30185,13.85553,13.85553,833861
2003-07-02,13.89645,14.15318,13.80225,13.85553,481606
2003-07-03,14.00391,14.00391,13.74749,13.85553,446522
2003-07-04,13.85553,13.94974,13.5994,13.94974,689206
2003-07-07,14.099,14.45082,13.74749,14.1941,862461
2003-07-08,14.099,14.45082,13.80225,14.00391,883488
2003-07-09,14.00391,14.24827,13.89645,14.15318,434063
2003-07-10,14.30185,14.65337,14.15318,14.54473,1528140
2003-07-11,14.5989,14.65337,14.30185,14.39635,289534
2003-07-14,14.50499,14.5989,14.35602,14.39635,688720
2003-07-15,14.50499,14.5989,14.35602,14.54473,508180
2003-07-16,14.54473,14.89655,14.54473,14.85592,420639
2003-07-17,14.80175,15.69409,14.80175,15.39644,1030137
2003-07-18,15.39644,15.65346,15.35582,15.54571,430533
2003-07-21,15.59988,16.00439,15.50508,15.89693,395226
2003-07-22,15.89693,15.89693,15.50508,15.65346,346832
2003-07-23,15.65346,15.65346,15.24777,15.30194,523765
2003-07-24,15.30194,15.39644,15.04551,15.39644,362674
2003-07-25,15.35582,15.85689,15.19419,15.85689,481808
2003-07-28,15.95081,17.19437,15.95081,17.00565,807790
2003-07-29,17.30271,17.74873,17.10016,17.45138,590348
2003-07-30,17.39721,17.54618,17.04599,17.10016,666562
2003-07-31,17.10016,17.19437,16.80281,17.10016,398153
2003-08-01,17.00565,17.19437,16.85669,17.00565,369413
2003-08-04,16.89731,17.00565,16.80281,16.89731,106864
2003-08-05,16.95148,16.95148,16.39742,16.74864,328671
2003-08-06,16.50546,16.5458,16.35679,16.39742,388639
2003-08-07,16.35679,16.74864,16.09977,16.74864,539668
2003-08-08,16.89731,17.15403,16.74864,16.74864,419041
2003-08-11,16.74864,17.04599,16.74864,16.95148,302478
2003-08-12,17.10016,17.65452,17.04599,17.50555,818417
2003-08-13,17.50555,17.65452,17.45138,17.60035,1369863
2003-08-14,17.54618,18.39789,17.54618,18.24892,767819
2003-08-18,18.3025,18.39789,17.74873,18.24892,609503
2003-08-19,18.3025,19.00584,18.24892,19.00584,694142
2003-08-20,19.00584,19.19514,18.54627,19.00584,835343
2003-08-21,19.00584,19.30348,18.95225,19.30348,604175
2003-08-22,19.34411,21.49325,19.34411,20.50641,1639436
2003-08-25,20.39837,21.19561,20.19552,20.19552,873278
2003-08-26,20.39837,21.49325,20.39837,20.50641,1387297
2003-08-27,20.69601,21.30395,19.80338,19.95234,2210748
2003-08-28,20.19552,20.19552,19.34411,19.54695,1329418
2003-08-29,19.69533,20.69601,19.69533,20.60062,1134432
2003-09-01,21.0066,21.6958,20.80376,21.60159,556032
2003-09-02,21.99345,21.99345,21.10111,21.39846,1154936
2003-09-03,21.60159,22.10179,21.39846,21.6958,1403936
2003-09-04,21.10111,21.6958,21.10111,21.30395,1142973
2003-09-05,21.19561,21.19561,20.50641,20.80376,742101
2003-09-08,21.0066,21.0066,19.89847,20.50641,1306930
2003-09-09,20.69601,20.69601,19.74921,19.8443,1139878
2003-09-10,19.74921,19.89847,19.00584,19.04646,1103720
2003-09-11,18.80299,19.74921,18.80299,19.60053,986736
2003-09-12,20.00681,20.10102,19.30348,19.34411,551415
2003-09-15,19.6547,19.6547,19.30348,19.39828,170870
2003-09-16,19.60053,20.10102,19.50603,20.00681,574197
2003-09-17,20.69601,20.69601,19.80338,19.80338,434650
2003-09-18,19.45186,19.95234,19.45186,19.95234,241148
2003-09-19,20.10102,20.50641,19.8443,20.39837,575058
2003-09-22,20.10102,20.10102,19.80338,19.8443,345921
2003-09-23,19.8443,20.30386,19.74921,20.30386,152276
2003-09-24,20.19552,20.50641,19.95234,19.95234,366339
2003-09-25,19.80338,20.10102,19.69533,20.00681,133423
2003-09-26,20.19552,20.69601,20.00681,20.30386,186947
2003-09-29,20.60062,20.69601,20.19552,20.19552,90900
2003-09-30,19.8443,20.19552,19.60053,19.60053,557553
2003-10-01,19.50603,19.95234,19.50603,19.80338,359228
2003-10-02,20.00681,20.10102,19.80338,19.89847,214792
2003-10-03,20.00681,20.50641,19.80338,20.50641,1798283
2003-10-06,20.60062,21.6958,20.39837,21.60159,843281
2003-10-07,21.99345,22.19629,21.39846,21.60159,682836
2003-10-08,21.99345,22.30463,21.6958,21.99345,947508
2003-10-09,22.10179,23.19638,22.10179,22.99413,706921
2003-10-10,22.99413,24.10197,22.80394,23.69716,702994
2003-10-13,24.30511,24.60245,23.80491,23.99422,766757
2003-10-14,23.99422,25.30343,23.69716,25.30343,701550
2003-10-15,25.9944,27.3987,25.8048,26.80725,1511798
2003-10-16,26.90116,26.90116,25.60196,26.10244,842196
2003-10-17,25.9944,26.10244,23.30472,25.69675,738093
2003-10-20,25.49362,25.69675,25.19597,25.39852,164730
2003-10-21,25.39852,25.8993,24.8998,25.10353,454632
2003-10-22,24.69696,25.19597,24.19677,24.49441,499760
2003-10-23,23.80491,24.49441,23.80491,24.49441,593352
2003-10-24,24.30511,24.39961,23.60178,23.80491,213618
2003-10-27,23.80491,23.99422,23.19638,23.39923,289156
2003-10-28,23.39923,24.19677,23.19638,24.19677,922089
2003-10-29,24.60245,25.60196,24.30511,24.30511,860329
2003-10-30,24.69696,25.8048,24.69696,25.69675,1279701
2003-10-31,25.49362,25.9944,25.30343,25.8993,638302
2003-11-03,25.9944,26.90116,25.69675,26.40156,484948
2003-11-04,26.49459,26.49459,24.69696,24.69696,1262354
2003-11-05,24.9946,25.19597,24.19677,24.60245,495041
2003-11-06,24.69696,25.49362,24.69696,25.30343,261957
2003-11-07,25.39852,25.8048,25.19597,25.30343,280323
2003-11-10,25.30343,25.8048,25.10353,25.8048,121458
2003-11-12,25.8993,25.8993,24.8998,24.8998,843587
2003-11-13,25.30343,25.39852,24.60245,24.60245,875591
2003-11-14,24.80442,24.8998,24.60245,24.69696,296479
2003-11-17,24.30511,24.30511,23.60178,23.69716,495663
2003-11-18,23.69716,23.69716,22.89933,22.99413,688784
2003-11-19,22.39914,22.49364,21.80444,21.80444,1084929
2003-11-20,22.10179,22.30463,20.69601,21.19561,791575
2003-11-21,21.60159,22.69619,21.19561,22.69619,762974
2003-11-24,22.99413,23.39923,22.39914,22.89933,437911
2003-11-25,23.10188,23.10188,21.99345,21.99345,264394
2003-11-26,22.19629,23.10188,21.89865,22.39914,437971
2003-11-27,22.49364,22.80394,22.49364,22.69619,125440
2003-11-28,22.89933,22.99413,22.60198,22.60198,628655
2003-12-01,22.99413,24.30511,22.99413,24.30511,533278
2003-12-02,24.49441,25.10353,24.19677,24.80442,648799
2003-12-03,24.80442,24.8998,23.89942,24.80442,428775
2003-12-04,24.60245,24.9946,24.19677,24.39961,238200
2003-12-05,24.19677,24.69696,24.10197,24.39961,349090
2003-12-08,24.39961,25.19597,24.19677,25.19597,833276
2003-12-09,25.30343,25.8048,25.19597,25.30343,778136
2003-12-10,24.9946,25.69675,24.80442,25.60196,331010
2003-12-11,25.60196,25.8048,25.19597,25.60196,369772
2003-12-12,25.69675,26.10244,25.19597,25.49362,949358
2003-12-15,25.60196,25.8993,25.60196,25.8048,449323
2003-12-16,25.60196,26.19842,25.30343,26.19842,456265
2003-12-17,26.10244,26.10244,25.60196,25.69675,450669
2003-12-18,25.60196,25.8993,25.39852,25.8048,366253
2003-12-19,25.8048,25.9944,25.69675,25.8993,531448
2003-12-22,25.8048,25.8993,25.49362,25.69675,166635
2003-12-23,25.69675,26.10244,25.69675,25.9944,332059
2003-12-29,25.8993,26.19842,25.69675,26.19842,186250
2003-12-30,26.40156,26.49459,26.30558,26.40156,242862
2003-12-31,26.30558,26.49459,26.10244,26.19842,63815
2004-01-02,26.30558,27.99782,26.30558,27.99782,343530
2004-01-05,28.10086,29.80251,28.10086,29.60526,695770
2004-01-06,29.49044,29.99682,28.60429,28.99879,633889
2004-01-07,29.09889,29.49044,28.80448,29.39918,594544
2004-01-08,29.39918,29.69947,27.99782,28.49536,1136339
2004-01-09,28.60429,29.09889,28.3982,28.49536,618023
2004-01-12,28.3982,29.20193,28.30694,29.20193,254588
2004-01-13,29.30497,30.19701,29.09889,29.49044,794052
2004-01-14,29.30497,29.30497,28.49536,28.80448,565746
2004-01-15,28.6985,29.39918,28.30694,29.09889,213228
2004-01-16,29.09889,29.20193,28.10086,28.19801,512986
2004-01-19,28.30694,28.90164,28.30694,28.6985,170300
2004-01-20,29.09889,29.30497,28.80448,28.99879,572435
2004-01-21,28.90164,29.09889,28.6985,28.6985,236739
2004-01-22,28.90164,29.69947,28.60429,29.39918,607515
2004-01-23,29.30497,29.89966,28.99879,29.20193,650791
2004-01-26,28.99879,29.20193,28.90164,28.90164,218067
2004-01-27,28.99879,29.09889,28.6985,28.6985,326599
2004-01-28,28.3982,28.60429,27.80704,27.90037,592661
2004-01-29,27.49262,29.09889,27.49262,28.6985,587458
2004-01-30,28.99879,29.99682,28.90164,29.49044,1129499
2004-02-02,29.60526,31.49828,29.60526,31.40407,1043536
2004-02-03,31.60426,31.79268,29.99682,30.1028,692336
2004-02-04,29.99682,30.6975,29.80251,30.1028,712041
2004-02-05,30.19701,31.00074,30.19701,30.60329,699634
2004-02-06,30.49142,31.10378,30.49142,30.79465,1004114
2004-02-09,31.49828,32.69945,31.2922,32.60524,1184010
2004-02-10,32.7966,32.90553,32.2019,32.90553,1187549
2004-02-11,32.49925,32.7966,31.99582,32.2019,574159
2004-02-12,32.49925,32.7966,32.39915,32.60524,525622
2004-02-13,32.7966,32.99385,31.90161,32.10475,698328
2004-02-16,32.10475,32.99385,31.99582,32.99385,385857
2004-02-17,33.10572,33.40013,32.49925,32.90553,408786
2004-02-18,32.7966,33.29414,32.29611,32.90553,1103959
2004-02-19,32.99385,32.99385,31.99582,32.10475,937104
2004-02-20,31.99582,32.49925,31.90161,32.2019,548511
2004-02-23,32.29611,32.29611,31.2922,31.69847,541541
2004-02-24,31.60426,31.60426,29.99682,29.99682,900514
2004-02-25,30.19701,30.90064,30.19701,30.90064,1086261
2004-02-26,31.00074,31.40407,30.60329,30.79465,837400
2004-02-27,30.79465,31.90161,30.79465,31.90161,522882
2004-03-01,32.39915,32.69945,31.69847,32.60524,821497
2004-03-02,32.69945,32.99385,32.39915,32.90553,858033
2004-03-03,32.69945,32.7966,32.29611,32.69945,529343
2004-03-04,32.29611,32.29611,31.40407,31.79268,528862
2004-03-05,31.60426,32.10475,31.40407,31.79268,804707
2004-03-08,31.69847,31.99582,31.60426,31.90161,1004130
2004-03-09,31.79268,31.79268,30.49142,31.10378,512829
2004-03-10,30.60329,32.10475,30.4031,31.60426,682542
2004-03-11,30.6975,31.19504,29.89966,31.19504,672752
2004-03-12,30.79465,32.2019,30.79465,32.10475,541488
2004-03-15,31.79268,31.99582,31.10378,31.2922,301236
2004-03-16,31.49828,31.90161,31.2922,31.79268,220358
2004-03-17,31.79268,31.90161,31.10378,31.40407,732164
2004-03-18,31.00074,31.19504,29.99682,30.29711,607477
2004-03-19,30.29711,30.79465,29.30497,29.89966,1389752
2004-03-22,29.89966,30.4031,29.89966,30.1028,451985
2004-03-23,30.19701,31.49828,30.1028,31.49828,871775
2004-03-24,31.69847,31.69847,31.00074,31.2922,782767
2004-03-25,31.19504,32.49925,31.19504,32.39915,1236170
2004-03-26,32.39915,32.7966,32.29611,32.49925,938792
2004-03-29,32.29611,33.19993,32.29611,32.60524,1145943
2004-03-30,32.39915,32.69945,32.2019,32.49925,627874
2004-03-31,32.49925,32.49925,31.69847,32.10475,665686
2004-04-01,32.39915,32.49925,31.90161,32.10475,369796
2004-04-02,32.49925,33.99482,32.49925,33.79168,1386664
2004-04-05,33.79168,35.29609,33.50022,34.70139,1118021
2004-04-06,34.60718,34.99874,34.19796,34.19796,277084
2004-04-07,34.19796,34.70139,33.79168,33.79168,160644
2004-04-08,33.69748,34.29806,33.60621,34.1067,149837
2004-04-13,34.4011,35.20188,34.4011,34.99874,700613
2004-04-14,34.60718,34.70139,34.29806,34.29806,642341
2004-04-15,34.90453,34.90453,34.60718,34.7956,443002
2004-04-16,34.60718,35.29609,34.29806,34.70139,644778
2004-04-19,34.99874,35.10767,34.4011,34.70139,194369
2004-04-20,34.70139,34.99874,34.60718,34.99874,314445
2004-04-21,34.7956,34.7956,33.60621,33.60621,714641
2004-04-22,33.29414,33.40013,31.19504,31.49828,1348383
2004-04-23,32.2019,32.29611,30.29711,30.49142,1661990
2004-04-26,30.49142,31.10378,30.4031,30.6975,419430
2004-04-27,30.90064,30.90064,29.89966,30.60329,890332
2004-04-28,30.19701,30.19701,29.39918,29.49044,1116571
2004-04-29,28.99879,29.20193,27.20027,27.30803,2681962
2004-04-30,27.60214,27.99782,27.30803,27.80704,651813
2004-05-04,27.99782,28.49536,27.90037,27.90037,611820
2004-05-05,28.60429,28.60429,27.60214,27.69782,1243774
2004-05-06,28.49536,28.60429,27.20027,27.3987,1021835
2004-05-07,27.60214,27.69782,26.49459,26.6044,773511
2004-05-10,25.8993,26.40156,25.69675,26.10244,978634
2004-05-11,26.40156,26.90116,25.8993,26.19842,1076682
2004-05-12,26.10244,26.99655,26.10244,26.69743,759467
2004-05-13,26.80725,27.104,25.49362,25.60196,2623719
2004-05-14,26.10244,26.30558,25.8048,25.9944,979500
2004-05-17,25.60196,26.40156,25.60196,25.9944,505441
2004-05-18,26.49459,26.6044,25.8048,26.10244,970720
2004-05-19,26.40156,26.80725,26.10244,26.19842,526080
2004-05-20,26.40156,26.69743,26.40156,26.49459,722097
2004-05-21,26.80725,27.104,25.9944,26.10244,615457
2004-05-24,26.40156,26.80725,26.10244,26.49459,658436
2004-05-25,26.19842,26.40156,25.69675,25.8048,614675
2004-05-26,25.8993,26.19842,25.39852,26.10244,673750
2004-05-27,26.19842,26.80725,25.9944,26.40156,632946
2004-05-28,26.30558,26.80725,26.30558,26.80725,281955
2004-05-31,26.80725,26.90116,26.49459,26.6044,67598
2004-06-01,26.40156,26.80725,26.30558,26.80725,317301
2004-06-02,27.104,27.90037,27.104,27.30803,1050701
2004-06-03,27.3987,27.49262,26.69743,26.99655,709702
2004-06-04,26.90116,27.104,26.6044,26.80725,346846
2004-06-07,26.99655,27.49262,26.90116,26.99655,780869
2004-06-08,27.3987,27.60214,27.20027,27.49262,520346
2004-06-09,27.69782,27.69782,27.30803,27.49262,287157
2004-06-11,27.104,27.20027,26.90116,27.104,242481
2004-06-14,26.49459,26.90116,26.10244,26.19842,349993
2004-06-15,26.40156,26.6044,25.9944,26.40156,504275
2004-06-16,26.40156,26.49459,25.9944,26.19842,231120
2004-06-17,26.30558,26.40156,25.8993,25.9944,183775
2004-06-18,25.8993,26.69743,25.8993,26.30558,607745
2004-06-21,26.40156,27.20027,26.40156,27.20027,321656
2004-06-22,27.20027,27.69782,27.20027,27.30803,502275
2004-06-23,27.3987,27.80704,27.20027,27.69782,865433
2004-06-24,27.99782,28.30694,27.80704,27.90037,664018
2004-06-25,28.10086,28.30694,27.80704,28.30694,288209
2004-06-28,28.30694,28.49536,28.19801,28.3982,228766
2004-06-29,28.30694,28.49536,28.10086,28.49536,247971
2004-06-30,28.49536,28.6985,28.19801,28.19801,380719
2004-07-01,28.30694,28.6985,28.19801,28.30694,133514
2004-07-02,28.19801,28.19801,27.69782,27.90037,334350
2004-07-05,27.69782,27.69782,27.49262,27.60214,103576
2004-07-06,27.49262,27.60214,27.20027,27.3987,299055
2004-07-07,27.60214,27.80704,27.3987,27.69782,1439884
2004-07-08,27.69782,28.10086,27.69782,27.99782,502140
2004-07-09,27.99782,27.99782,27.69782,27.90037,545646
2004-07-12,28.10086,28.19801,27.49262,27.49262,611739
2004-07-13,27.90037,27.90037,27.30803,27.49262,349497
2004-07-14,27.3987,27.90037,27.104,27.30803,216238
2004-07-15,27.49262,27.80704,27.20027,27.49262,373232
2004-07-16,27.49262,28.49536,27.49262,28.49536,845532
2004-07-19,28.60429,29.20193,28.60429,28.99879,1207487
2004-07-20,28.99879,28.99879,28.80448,28.90164,697519
2004-07-21,29.20193,29.60526,29.20193,29.60526,393103
2004-07-22,29.20193,29.30497,28.6985,28.90164,345264
2004-07-23,28.99879,29.60526,28.80448,28.80448,628202
2004-07-26,28.6985,28.99879,28.3982,28.3982,171449
2004-07-27,28.60429,28.60429,28.19801,28.49536,47733
2004-07-28,28.60429,28.6985,27.99782,28.19801,146968
2004-07-29,28.3982,28.80448,28.19801,28.49536,98248
2004-07-30,28.6985,28.80448,28.49536,28.6985,108811
2004-08-02,28.60429,28.99879,28.49536,28.90164,111737
2004-08-03,28.99879,29.49044,28.90164,29.20193,460325
2004-08-04,29.20193,29.69947,29.20193,29.60526,569807
2004-08-05,30.1028,30.4031,29.89966,30.1028,618009
2004-08-06,29.69947,29.89966,29.39918,29.69947,707402
2004-08-09,29.49044,29.60526,28.99879,29.60526,142665
2004-08-10,29.60526,29.69947,29.30497,29.39918,459200
2004-08-11,29.39918,29.49044,28.6985,28.90164,518662
2004-08-12,28.99879,29.20193,28.60429,28.99879,343914
2004-08-13,28.80448,29.20193,28.60429,29.09889,390799
2004-08-16,29.20193,29.39918,28.99879,29.20193,106822
2004-08-17,29.30497,29.69947,29.20193,29.49044,151866
2004-08-18,29.60526,29.69947,28.80448,28.99879,343701
2004-08-19,29.09889,29.30497,28.80448,29.20193,224478
2004-08-20,29.20193,29.49044,29.20193,29.39918,263153
2004-08-23,29.49044,29.49044,29.20193,29.49044,62934
2004-08-24,29.49044,29.80251,29.39918,29.80251,339720
2004-08-25,29.80251,29.80251,28.99879,29.09889,546690
2004-08-26,29.30497,29.60526,29.09889,29.60526,597861
2004-08-27,29.49044,29.80251,29.49044,29.80251,287036
2004-08-30,29.60526,29.99682,29.60526,29.69947,248963
2004-08-31,29.69947,30.19701,29.60526,29.99682,619047
2004-09-01,29.89966,30.79465,29.89966,30.4031,795315
2004-09-02,30.4031,31.00074,30.4031,30.49142,478186
2004-09-03,30.6975,30.79465,30.29711,30.4031,53156
2004-09-06,30.4031,30.60329,30.29711,30.49142,31409
2004-09-07,30.6975,32.10475,30.6975,31.99582,523955
2004-09-08,31.99582,32.39915,31.79268,32.10475,362018
2004-09-09,31.90161,31.99582,31.69847,31.69847,476325
2004-09-10,31.90161,32.69945,31.90161,32.49925,566751
2004-09-13,32.39915,32.99385,32.29611,32.69945,431359
2004-09-14,32.49925,33.19993,32.39915,32.7966,424114
2004-09-15,32.29611,33.10572,32.29611,32.90553,295318
2004-09-16,32.99385,33.10572,32.7966,32.7966,448518
2004-09-17,32.7966,33.79168,32.7966,33.50022,558267
2004-09-20,33.19993,33.99482,33.10572,33.99482,505453
2004-09-21,34.1067,34.29806,33.19993,33.50022,516657
2004-09-22,33.40013,33.60621,33.10572,33.50022,727960
2004-09-23,33.10572,33.99482,33.10572,33.79168,1028194
2004-09-24,33.60621,33.9065,33.19993,33.19993,608585
2004-09-27,33.19993,33.60621,32.99385,33.60621,294519
2004-09-28,33.50022,34.19796,33.50022,33.79168,609310
2004-09-29,33.79168,33.9065,33.40013,33.79168,510754
2004-09-30,33.69748,34.19796,33.69748,33.9065,454783
2004-10-01,33.79168,34.60718,33.79168,34.60718,825461
2004-10-04,34.99874,36.99774,34.99874,36.4001,1062397
2004-10-05,36.5002,37.40402,36.5002,36.99774,950686
2004-10-06,36.99774,37.20383,36.5002,36.99774,578518
2004-10-07,37.10667,37.40402,36.5002,37.40402,646487
2004-10-08,36.99774,38.59341,36.60324,37.40402,1363962
2004-10-11,37.40402,39.19989,37.10667,38.99969,1439176
2004-10-12,38.7995,39.29409,36.4001,36.5002,1178449
2004-10-13,36.60324,36.60324,34.90453,35.9055,1149097
2004-10-14,34.4011,35.10767,33.99482,34.19796,1355166
2004-10-15,34.19796,35.39913,34.19796,34.7956,707422
2004-10-18,34.99874,34.99874,33.79168,34.19796,645038
2004-10-19,34.29806,34.70139,34.19796,34.4011,368474
2004-10-20,34.29806,34.29806,32.7966,33.29414,472102
2004-10-21,33.29414,33.69748,32.99385,33.50022,571013
2004-10-22,33.40013,34.60718,33.29414,34.4011,1048093
2004-10-25,33.9065,34.1067,33.29414,33.79168,303389
2004-10-26,33.79168,34.29806,33.60621,34.19796,218450
2004-10-27,34.19796,34.7956,33.79168,34.1067,628029
2004-10-28,34.70139,34.90453,32.39915,32.60524,1125502
2004-10-29,32.69945,33.50022,32.49925,33.40013,1018840
2004-11-02,33.99482,34.4011,33.79168,33.9065,842699
2004-11-03,34.19796,34.29806,32.69945,32.7966,569637
2004-11-04,33.10572,33.79168,32.99385,33.29414,589108
2004-11-05,31.2922,31.69847,29.99682,30.29711,4202861
2004-11-08,30.60329,30.90064,30.19701,30.60329,409317
2004-11-09,30.6975,31.40407,30.29711,31.10378,515802
2004-11-10,30.79465,31.40407,30.60329,30.60329,1042435
2004-11-12,31.10378,32.7966,30.90064,31.60426,1695136
2004-11-15,32.29611,32.60524,30.29711,30.90064,853970
2004-11-16,31.00074,31.19504,30.19701,30.4031,830798
2004-11-17,30.60329,31.10378,30.4031,31.10378,959138
2004-11-18,31.19504,31.60426,30.90064,31.40407,326253
2004-11-19,31.40407,32.10475,31.40407,31.69847,753985
2004-11-22,31.60426,31.69847,31.2922,31.60426,495346
2004-11-23,31.69847,32.10475,31.10378,31.19504,599890
2004-11-24,31.10378,31.10378,29.80251,30.4031,1413194
2004-11-25,30.60329,31.00074,30.4031,30.6975,649835
2004-11-26,30.90064,30.90064,30.49142,30.60329,367953
2004-11-29,30.90064,31.60426,30.79465,31.60426,768572
2004-11-30,31.2922,32.2019,31.2922,31.99582,496131
2004-12-01,32.10475,32.2019,31.60426,32.2019,288414
2004-12-02,32.49925,33.79168,32.49925,33.50022,1333871
2004-12-03,33.60621,33.60621,32.49925,32.69945,1213182
2004-12-06,32.90553,32.90553,31.90161,32.29611,469832
2004-12-07,32.29611,32.69945,32.10475,32.49925,324397
2004-12-08,32.29611,32.39915,31.60426,31.60426,507018
2004-12-09,31.60426,31.69847,30.79465,31.10378,550661
2004-12-10,31.10378,31.60426,31.10378,31.40407,789803
2004-12-13,31.49828,32.10475,31.10378,31.79268,569765
2004-12-14,31.99582,31.99582,31.00074,31.00074,607129
2004-12-15,31.40407,31.79268,31.19504,31.79268,410393
2004-12-16,31.79268,32.69945,31.79268,32.29611,1111366
2004-12-17,32.49925,32.60524,31.69847,31.99582,503761
2004-12-20,32.2019,32.69945,32.10475,32.29611,434732
2004-12-21,31.79268,31.79268,29.80251,30.79465,1312749
2004-12-22,31.00074,31.2922,30.4031,30.6975,720533
2004-12-23,30.90064,31.00074,30.6975,30.6975,370257
2004-12-24,30.79465,31.00074,30.6975,30.79465,52849
2004-12-27,30.90064,31.49828,30.79465,31.10378,125543
2004-12-28,31.2922,31.2922,30.6975,31.00074,329154
2004-12-29,31.00074,31.79268,31.00074,31.2922,329897
2004-12-30,31.60426,31.69847,31.2922,31.40407,143628
2004-12-31,31.60426,31.79268,31.2922,31.2922,460151
2005-01-03,31.40407,31.90161,31.19504,31.40407,441921
2005-01-04,31.2922,31.40407,30.79465,30.90064,951370
2005-01-05,29.69947,29.69947,28.99879,29.30497,1969184
2005-01-06,28.99879,28.99879,27.99782,28.49536,1261596
2005-01-07,28.49536,29.30497,27.90037,28.90164,684850
2005-01-10,29.20193,29.20193,27.60214,28.19801,691749
2005-01-11,28.30694,28.60429,27.99782,27.99782,655341
2005-01-12,28.19801,28.49536,27.99782,28.3982,649128
2005-01-13,28.90164,29.09889,28.80448,28.99879,1014933
2005-01-14,28.90164,28.99879,28.30694,28.6985,429384
2005-01-17,28.90164,28.90164,28.49536,28.6985,275535
2005-01-18,28.60429,28.99879,28.10086,28.30694,589927
2005-01-19,28.3982,28.3982,27.80704,27.80704,588629
2005-01-20,27.60214,27.90037,26.99655,27.90037,696971
2005-01-21,27.99782,28.30694,27.80704,28.19801,324401
2005-01-24,27.80704,28.49536,27.80704,28.49536,368039
2005-01-25,28.6985,29.20193,28.6985,28.99879,1267414
2005-01-26,29.09889,29.09889,28.49536,28.60429,646650
2005-01-27,28.6985,28.99879,28.3982,28.80448,715386
2005-01-28,28.90164,28.90164,27.49262,27.60214,1608000
2005-01-31,27.99782,27.99782,27.60214,27.60214,657627
2005-02-01,27.69782,28.30694,27.60214,28.19801,1219442
2005-02-02,28.19801,28.60429,27.80704,27.90037,1663801
2005-02-03,27.99782,28.60429,27.99782,28.3982,1188815
2005-02-04,28.3982,28.60429,28.19801,28.3982,882145
2005-02-07,28.60429,28.6985,28.19801,28.6985,813647
2005-02-08,28.90164,28.99879,28.60429,28.60429,789847
2005-02-09,28.80448,28.80448,28.49536,28.60429,714776
2005-02-10,28.6985,29.49044,28.49536,29.30497,1064681
2005-02-11,29.49044,29.60526,28.80448,29.20193,436692
2005-02-14,29.30497,29.39918,28.90164,28.99879,660688
2005-02-15,28.80448,29.60526,28.60429,29.49044,1401812
2005-02-16,29.69947,31.10378,29.49044,30.6975,2053113
2005-02-17,31.19504,32.29611,31.19504,31.90161,2827345
2005-02-18,32.10475,32.99385,31.79268,32.29611,3170847
2005-02-21,32.39915,33.19993,32.39915,32.60524,983991
2005-02-22,32.7966,32.7966,31.99582,31.99582,1172834
2005-02-23,31.79268,31.90161,31.2922,31.79268,555882
2005-02-24,31.99582,32.39915,31.90161,32.29611,576237
2005-02-25,32.7966,33.29414,32.60524,32.90553,2571775
2005-02-28,33.19993,33.29414,32.49925,32.99385,1442086
2005-03-01,32.49925,32.60524,31.90161,32.39915,1520429
2005-03-02,31.99582,32.10475,30.60329,31.00074,1025188
2005-03-03,30.79465,31.2922,30.60329,31.10378,761883
2005-03-04,31.19504,31.49828,30.90064,31.19504,451896
2005-03-07,31.49828,31.60426,30.60329,30.79465,438052
2005-03-08,30.79465,31.10378,30.49142,30.60329,454213
2005-03-09,31.00074,32.10475,31.00074,31.49828,1477980
2005-03-10,31.49828,31.79268,30.79465,31.2922,446676
2005-03-11,31.49828,31.49828,31.00074,31.00074,1353916
2005-03-14,30.90064,30.90064,29.99682,30.19701,499492
2005-03-15,30.4031,30.90064,30.1028,30.6975,584704
2005-03-16,30.1028,30.79465,29.80251,30.6975,1648037
2005-03-17,30.60329,30.79465,30.29711,30.49142,609973
2005-03-18,30.6975,31.40407,30.6975,31.10378,580865
2005-03-21,31.40407,31.69847,30.29711,30.49142,643178
2005-03-22,30.4031,30.79465,30.1028,30.79465,486694
2005-03-23,30.60329,30.6975,29.99682,30.29711,414767
2005-03-24,30.60329,30.79465,30.19701,30.60329,340358
2005-03-29,30.6975,30.6975,30.19701,30.60329,483582
2005-03-30,30.49142,30.6975,30.19701,30.29711,367808
2005-03-31,30.49142,30.79465,29.60526,30.79465,1029801
2005-04-01,30.90064,31.40407,30.4031,30.4031,707702
2005-04-04,30.49142,30.79465,30.1028,30.19701,307046
2005-04-05,30.19701,30.60329,30.19701,30.49142,417314
2005-04-06,30.49142,31.49828,30.49142,31.49828,789925
2005-04-07,31.69847,32.2019,31.60426,31.90161,688243
2005-04-11,31.60426,32.69945,31.2922,32.60524,857568
2005-04-12,32.49925,32.69945,32.10475,32.29611,393425
2005-04-13,32.49925,32.60524,31.00074,31.00074,598075
2005-04-14,30.90064,31.2922,30.4031,30.90064,1337476
2005-04-15,30.6975,31.2922,30.4031,31.19504,336599
2005-04-18,30.60329,30.6975,29.69947,30.19701,1245227
2005-04-19,30.29711,30.90064,30.19701,30.79465,309061
2005-04-20,30.90064,31.10378,30.4031,30.4031,368070
2005-04-21,30.4031,31.19504,30.4031,31.19504,962021
2005-04-22,31.10378,31.2922,30.90064,31.00074,342379
2005-04-25,31.00074,31.10378,30.6975,30.79465,602976
2005-04-26,30.79465,30.90064,30.6975,30.90064,227554
2005-04-27,30.79465,30.90064,29.80251,30.1028,645643
2005-04-28,29.99682,30.1028,29.49044,29.60526,309492
2005-04-29,29.69947,29.89966,29.60526,29.89966,159478
2005-05-02,29.99682,30.1028,29.80251,29.80251,142199
2005-05-04,29.99682,30.6975,29.89966,30.49142,631708
2005-05-05,30.79465,31.19504,30.60329,30.90064,273716
2005-05-06,31.60426,31.60426,30.79465,31.2922,411115
2005-05-09,31.40407,31.40407,30.49142,30.6975,245814
2005-05-10,31.00074,31.10378,30.19701,30.49142,220469
2005-05-11,30.1028,30.79465,30.1028,30.6975,776808
2005-05-12,30.6975,30.90064,30.19701,30.19701,561307
2005-05-13,29.89966,29.89966,28.6985,29.09889,1028069
2005-05-16,28.99879,28.99879,28.19801,28.60429,207167
2005-05-17,28.90164,28.90164,27.69782,28.10086,702572
2005-05-18,28.30694,28.49536,27.69782,28.3982,818496
2005-05-19,28.90164,28.99879,28.49536,28.99879,1188383
2005-05-20,28.90164,29.39918,28.49536,28.60429,549326
2005-05-23,28.6985,28.99879,28.49536,28.60429,231663
2005-05-24,28.60429,28.6985,28.10086,28.60429,256392
2005-05-25,28.60429,28.99879,28.60429,28.90164,271585
2005-05-27,29.09889,29.39918,28.99879,29.39918,328847
2005-05-30,29.39918,29.60526,29.30497,29.30497,223222
2005-05-31,29.09889,29.39918,28.6985,29.39918,533204
2005-06-01,29.09889,29.39918,28.99879,29.30497,357578
2005-06-02,29.30497,30.79465,29.30497,30.79465,1573079
2005-06-03,31.19504,31.60426,31.10378,31.2922,893867
2005-06-06,31.49828,31.90161,31.40407,31.69847,566650
2005-06-07,31.90161,32.60524,31.69847,32.29611,1009640
2005-06-08,32.10475,32.39915,31.60426,31.79268,920330
2005-06-09,31.90161,32.39915,31.49828,32.29611,1474412
2005-06-10,32.29611,32.69945,32.2019,32.39915,976277
2005-06-13,32.2019,32.60524,32.2019,32.49925,251949
2005-06-14,32.49925,32.49925,31.79268,31.99582,615216
2005-06-15,31.99582,32.7966,31.79268,32.69945,831158
2005-06-16,32.99385,33.69748,32.69945,33.69748,1706482
2005-06-17,33.9065,34.7956,33.50022,34.49825,1363120
2005-06-20,34.70139,35.39913,34.70139,34.99874,895233
2005-06-21,34.99874,35.10767,33.99482,33.99482,702386
2005-06-22,34.19796,34.70139,34.1067,34.29806,1237340
2005-06-23,34.60718,34.60718,33.69748,33.99482,1392772
2005-06-24,33.69748,34.1067,33.50022,33.99482,353616
2005-06-27,33.9065,34.1067,33.69748,33.79168,504201
2005-06-28,33.9065,34.19796,33.9065,33.99482,407455
2005-06-29,34.1067,34.1067,33.40013,33.50022,259940
2005-06-30,33.60621,34.49825,33.40013,33.99482,657084
2005-07-01,33.99482,34.60718,33.79168,34.19796,571988
2005-07-04,34.49825,34.60718,33.69748,33.9065,463613
2005-07-05,34.1067,34.29806,33.9065,34.1067,1311208
2005-07-06,32.19222,32.99314,32.1063,32.80469,719780
2005-07-07,32.60238,32.80469,31.69614,32.00099,1222442
2005-07-08,32.29476,32.60238,32.29476,32.49984,486693
2005-07-11,32.80469,32.89614,32.19222,32.29476,493880
2005-07-12,32.49984,34.00192,32.29476,33.89661,1884739
2005-07-13,33.89661,34.29014,33.40053,34.10446,1579724
2005-07-14,34.20423,34.59776,34.10446,34.29014,941723
2005-07-15,34.20423,34.498,33.89661,34.20423,739342
2005-07-18,34.10446,34.498,34.00192,34.29014,216872
2005-07-19,34.20423,34.80007,34.10446,34.69753,1316660
2005-07-20,34.99407,36.4047,34.99407,36.09707,2544307
2005-07-21,36.4047,36.80377,36.3077,36.70123,1856801
2005-07-22,36.59592,36.90077,36.09707,36.90077,583072
2005-07-25,37.50493,37.99823,37.29153,37.50493,1414827
2005-07-26,37.60193,37.89569,36.70123,37.20008,576698
2005-07-27,37.29153,37.50493,37.00331,37.39962,890922
2005-07-28,37.29153,37.60193,36.49615,37.10862,948854
2005-07-29,37.10862,38.10077,37.10862,37.39962,1143565
2005-08-01,37.29153,38.50539,37.29153,38.10077,963579
2005-08-02,38.59408,39.60008,38.59408,39.49754,1405839
2005-08-03,39.39777,39.49754,38.59408,38.59408,452069
2005-08-04,38.30031,39.29523,37.70447,39.29523,527114
2005-08-05,37.99823,38.9017,37.99823,38.4084,522045
2005-08-08,38.4084,39.00147,37.99823,38.79916,989206
2005-08-09,38.79916,38.79916,37.80701,38.30031,900217
2005-08-10,37.99823,37.99823,37.00331,37.60193,812163
2005-08-11,37.60193,38.19777,37.60193,37.99823,326419
2005-08-12,37.80701,38.50539,37.50493,38.19777,357563
2005-08-16,38.59408,39.20655,38.59408,39.10401,522952
2005-08-17,39.00147,39.20655,37.60193,38.10077,285751
2005-08-18,37.80701,37.80701,36.70123,37.29153,575464
2005-08-19,37.39962,37.39962,36.80377,37.29153,308666
2005-08-22,37.29153,37.60193,37.00331,37.29153,302758
2005-08-23,37.39962,37.99823,37.20008,37.99823,289231
2005-08-24,37.89569,38.10077,37.70447,37.80701,517385
2005-08-25,37.80701,38.30031,37.50493,37.80701,888804
2005-08-26,37.89569,38.50539,37.89569,38.4084,457027
2005-08-29,38.4084,39.10401,38.4084,38.9017,693464
2005-08-30,39.10401,40.1987,39.00147,40.1987,1418085
2005-08-31,41.10217,41.39593,39.80239,39.90494,2010713
2005-09-01,39.99362,40.50355,39.80239,40.09893,643059
2005-09-02,40.1987,40.79732,39.7054,39.7054,3186748
2005-09-05,39.90494,40.30124,39.60008,39.99362,827301
2005-09-06,40.09893,40.40101,39.99362,40.30124,685447
2005-09-07,40.30124,40.79732,39.90494,40.1987,669682
2005-09-08,39.99362,40.60886,39.90494,40.40101,439967
2005-09-09,40.60886,40.89708,40.30124,40.79732,416062
2005-09-12,40.99963,41.39593,40.89708,41.39593,496487
2005-09-13,41.49847,41.80332,41.10217,41.20194,516668
2005-09-14,41.10217,41.10217,40.1987,40.79732,421951
2005-09-15,40.60886,41.80332,40.60886,41.49847,912939
2005-09-16,41.59547,41.80332,41.39593,41.80332,818082
2005-09-19,41.59547,42.00563,41.20194,41.90309,1211641
2005-09-20,42.99778,43.69894,41.69801,42.79547,1838325
2005-09-21,42.39917,42.89247,42.2994,42.49894,549340
2005-09-22,42.89247,43.49386,41.69801,42.39917,1490604
2005-09-23,42.49894,43.20009,41.90309,42.99778,651301
2005-09-26,42.49894,44.10079,42.2994,43.89848,757096
2005-09-27,44.70217,45.60287,44.40009,45.60287,1045171
2005-09-28,45.99917,46.3068,44.80194,45.5031,1576221
2005-09-29,45.5031,45.99917,44.80194,45.99917,385065
2005-09-30,46.10171,47.50126,45.5031,47.00795,1578568
2005-10-03,46.60056,48.30772,46.10171,48.0001,1310189
2005-10-04,48.49618,48.59872,47.00795,47.29895,613539
2005-10-05,46.70033,46.8001,46.20426,46.39271,975164
2005-10-06,45.09294,45.79409,44.29478,44.49709,1190346
2005-10-07,44.29478,45.79409,44.19224,45.40333,675638
2005-10-10,45.60287,47.19363,45.60287,46.39271,522577
2005-10-11,47.00795,47.40149,46.70033,47.00795,696640
2005-10-12,46.70033,46.90541,45.89663,46.20426,578789
2005-10-13,45.89663,45.89663,44.59963,44.99317,864890
2005-10-14,44.40009,44.99317,43.20009,44.49709,1029417
2005-10-17,45.09294,45.19825,44.10079,44.40009,432625
2005-10-18,45.09294,45.30079,44.59963,44.99317,1110026
2005-10-19,44.19224,44.59963,43.5964,44.10079,941186
2005-10-20,44.90448,45.60287,44.70217,45.40333,1258157
2005-10-21,44.99317,45.19825,44.59963,44.80194,1095605
2005-10-24,44.70217,46.70033,44.70217,46.60056,1165790
2005-10-25,46.70033,47.00795,45.99917,46.39271,699577
2005-10-26,46.49525,46.60056,44.90448,45.79409,767824
2005-10-27,44.49709,45.40333,44.29478,44.99317,662606
2005-10-28,44.49709,46.20426,44.29478,46.20426,586065
2005-10-31,46.49525,46.70033,46.10171,46.49525,328074
2005-11-02,46.60056,48.30772,46.60056,48.30772,1048406
2005-11-03,48.90357,49.10588,47.89756,48.40472,655513
2005-11-04,48.69849,49.10588,48.09987,49.10588,420369
2005-11-07,49.39687,50.79918,48.69849,50.79918,855914
2005-11-08,49.99826,50.50819,49.70172,49.70172,392937
2005-11-09,50.09803,50.09803,49.50218,49.80703,341719
2005-11-10,49.99826,50.40288,48.30772,48.69849,470679
2005-11-14,49.70172,50.40288,49.19456,49.19456,516996
2005-11-15,49.89572,50.20057,49.19456,49.50218,543967
2005-11-16,49.99826,51.49757,49.70172,50.30311,480753
2005-11-17,51.00149,52.69203,51.00149,52.29849,1213076
2005-11-18,53.09942,53.3045,51.60011,51.60011,488131
2005-11-21,52.09341,52.69203,51.60011,52.29849,312296
2005-11-22,52.69203,52.89988,50.69664,51.20658,358855
2005-11-23,51.00149,51.00149,49.80703,50.20057,1193082
2005-11-24,50.30311,50.89895,49.39687,49.60195,444411
2005-11-25,50.20057,50.40288,49.60195,50.40288,414504
2005-11-28,51.29803,52.40104,50.79918,51.99364,564862
2005-11-29,52.29849,54.09434,51.69988,54.00289,536711
2005-11-30,54.00289,54.89527,53.80058,54.19688,343875
2005-12-01,54.39919,55.50497,54.39919,55.10035,554031
2005-12-02,55.79873,56.29481,55.20012,55.8985,530985
2005-12-05,56.10358,57.19827,55.4052,55.79873,506768
2005-12-06,55.79873,55.99827,54.09434,54.70127,787180
2005-12-07,54.7955,55.69619,54.7955,55.59088,236162
2005-12-08,55.69619,56.49989,55.59088,56.29481,312272
2005-12-09,56.7022,56.80474,55.59088,56.49989,332979
2005-12-12,56.90451,57.40336,56.90451,57.30082,345342
2005-12-13,57.30082,57.69435,57.09573,57.60844,633061
2005-12-14,57.69435,59.39874,57.60844,58.50082,672372
2005-12-15,59.00521,59.39874,57.50867,57.50867,592884
2005-12-16,57.50867,58.90267,56.90451,58.80567,614580
2005-12-19,58.80567,59.79782,58.70313,59.70913,180698
2005-12-20,59.70913,62.30036,59.00521,61.00613,748134
2005-12-21,61.19182,61.89574,59.89482,60.00013,404458
2005-12-22,60.49343,61.00613,59.70913,59.70913,312725
2005-12-23,60.20244,61.19182,60.20244,60.59874,183241
2005-12-27,61.00613,62.89621,60.59874,62.89621,108424
2005-12-28,63.29251,64.50083,63.10683,64.30129,311575
2005-12-29,64.99968,65.09667,63.90499,64.40383,220648
2005-12-30,64.40383,64.40383,61.29713,62.50267,710379
